../TrackNet/event_data/Clip1|0013.npz,0,1
../TrackNet/event_data/Clip1|0023.npz,1,0
../TrackNet/event_data/Clip1|0040.npz,0,1
../TrackNet/event_data/Clip1|0060.npz,1,0
../TrackNet/event_data/Clip1|0070.npz,0,1
../TrackNet/event_data/Clip1|0090.npz,1,0
../TrackNet/event_data/Clip1|0097.npz,0,1
../TrackNet/event_data/Clip1|0119.npz,1,0
../TrackNet/event_data/Clip1|0126.npz,0,1
../TrackNet/event_data/Clip1|0146.npz,1,0
../TrackNet/event_data/Clip2|0011.npz,0,1
../TrackNet/event_data/Clip2|0023.npz,1,0
../TrackNet/event_data/Clip2|0037.npz,0,1
../TrackNet/event_data/Clip2|0011.npz,0,1
../TrackNet/event_data/Clip2|0058.npz,1,0
../TrackNet/event_data/Clip2|0067.npz,0,1
../TrackNet/event_data/Clip2|0089.npz,1,0
../TrackNet/event_data/Clip2|0095.npz,0,1
../TrackNet/event_data/Clip2|0116.npz,1,0
../TrackNet/event_data/Clip2|0124.npz,0,1
../TrackNet/event_data/Clip2|0143.npz,1,0
../TrackNet/event_data/Clip2|0150.npz,0,1
../TrackNet/event_data/Clip2|0168.npz,1,0
../TrackNet/event_data/Clip2|0175.npz,0,1
../TrackNet/event_data/Clip2|0194.npz,1,0
../TrackNet/event_data/Clip2|0200.npz,0,1
../TrackNet/event_data/Clip2|0221.npz,1,0
../TrackNet/event_data/Clip2|0230.npz,0,1
../TrackNet/event_data/Clip2|0246.npz,1,0
../TrackNet/event_data/Clip2|0254.npz,0,1
../TrackNet/event_data/Clip2|0281.npz,1,0
../TrackNet/event_data/Clip2|0285.npz,0,1
../TrackNet/event_data/Clip2|0315.npz,1,0
../TrackNet/event_data/Clip3|0017.npz,0,1
../TrackNet/event_data/Clip3|0029.npz,1,0
../TrackNet/event_data/Clip3|0043.npz,0,1
../TrackNet/event_data/Clip3|0063.npz,1,0
../TrackNet/event_data/Clip3|0070.npz,0,1
../TrackNet/event_data/Clip3|0091.npz,1,0
../TrackNet/event_data/Clip3|0097.npz,0,1
../TrackNet/event_data/Clip3|0118.npz,1,0
../TrackNet/event_data/Clip3|0124.npz,0,1
../TrackNet/event_data/Clip3|0146.npz,1,0
../TrackNet/event_data/Clip3|0154.npz,0,1
../TrackNet/event_data/Clip3|0172.npz,1,0
../TrackNet/event_data/Clip3|0181.npz,0,1
../TrackNet/event_data/Clip3|0199.npz,1,0
../TrackNet/event_data/Clip3|0212.npz,0,1
../TrackNet/event_data/Clip3|0229.npz,1,0
../TrackNet/event_data/Clip3|0237.npz,0,1
../TrackNet/event_data/Clip3|0256.npz,1,0
../TrackNet/event_data/Clip3|0263.npz,0,1
../TrackNet/event_data/Clip3|0284.npz,1,0
../TrackNet/event_data/Clip3|0291.npz,0,1
../TrackNet/event_data/Clip3|0309.npz,1,0
../TrackNet/event_data/Clip3|0316.npz,0,1
../TrackNet/event_data/Clip3|0336.npz,1,0
../TrackNet/event_data/Clip3|0345.npz,0,1
../TrackNet/event_data/Clip3|0361.npz,1,0
../TrackNet/event_data/Clip3|0369.npz,0,1
../TrackNet/event_data/Clip3|0380.npz,0,0
../TrackNet/event_data/Clip3|0388.npz,1,0
../TrackNet/event_data/Clip3|0396.npz,0,1
../TrackNet/event_data/Clip3|0413.npz,1,0
../TrackNet/event_data/Clip3|0420.npz,0,1
../TrackNet/event_data/Clip3|0439.npz,1,0
../TrackNet/event_data/Clip3|0451.npz,0,1
../TrackNet/event_data/Clip3|0467.npz,1,0
../TrackNet/event_data/Clip3|0474.npz,0,1
../TrackNet/event_data/Clip3|0496.npz,1,0
../TrackNet/event_data/Clip3|0503.npz,0,1
../TrackNet/event_data/Clip3|0523.npz,1,0
../TrackNet/event_data/Clip3|0533.npz,0,1
../TrackNet/event_data/Clip3|0550.npz,1,0
../TrackNet/event_data/Clip3|0557.npz,0,1
../TrackNet/event_data/Clip3|0577.npz,1,0
../TrackNet/event_data/Clip3|0582.npz,0,1
../TrackNet/event_data/Clip3|0604.npz,1,0
../TrackNet/event_data/Clip3|0614.npz,0,1
../TrackNet/event_data/Clip3|0632.npz,1,0
../TrackNet/event_data/Clip3|0637.npz,0,1
../TrackNet/event_data/Clip3|0661.npz,1,0
../TrackNet/event_data/Clip3|0680.npz,0,1
../TrackNet/event_data/Clip3|0709.npz,1,0
../TrackNet/event_data/Clip3|0717.npz,0,1
../TrackNet/event_data/Clip3|0775.npz,0,1
../TrackNet/event_data/Clip3|0795.npz,1,0
../TrackNet/event_data/Clip3|0806.npz,0,1
../TrackNet/event_data/Clip3|0827.npz,1,0
../TrackNet/event_data/Clip3|0836.npz,0,1
../TrackNet/event_data/Clip3|0855.npz,1,0
../TrackNet/event_data/Clip3|0861.npz,0,1
../TrackNet/event_data/Clip3|0881.npz,1,0
../TrackNet/event_data/Clip3|0893.npz,0,1
../TrackNet/event_data/Clip3|0909.npz,1,0
../TrackNet/event_data/Clip3|0916.npz,0,1
../TrackNet/event_data/Clip3|0935.npz,1,0
../TrackNet/event_data/Clip3|0944.npz,0,1
../TrackNet/event_data/Clip3|0961.npz,1,0
../TrackNet/event_data/Clip3|0971.npz,0,1
../TrackNet/event_data/Clip3|0987.npz,1,0
../TrackNet/event_data/Clip3|0995.npz,0,1
../TrackNet/event_data/Clip3|1012.npz,1,0
../TrackNet/event_data/Clip3|1020.npz,0,1
../TrackNet/event_data/Clip3|1037.npz,1,0
../TrackNet/event_data/Clip3|1046.npz,0,1
../TrackNet/event_data/Clip3|1060.npz,1,0
../TrackNet/event_data/Clip3|1070.npz,0,1
../TrackNet/event_data/Clip3|1086.npz,1,0
../TrackNet/event_data/Clip3|1096.npz,0,1
../TrackNet/event_data/Clip3|1111.npz,1,0
../TrackNet/event_data/Clip3|1119.npz,0,1
../TrackNet/event_data/Clip3|1136.npz,1,0
../TrackNet/event_data/Clip4|0015.npz,0,1
../TrackNet/event_data/Clip4|0031.npz,1,0
../TrackNet/event_data/Clip4|0043.npz,0,1
../TrackNet/event_data/Clip4|0065.npz,1,0
../TrackNet/event_data/Clip4|0075.npz,0,1
../TrackNet/event_data/Clip4|0094.npz,1,0
../TrackNet/event_data/Clip4|0104.npz,0,1
../TrackNet/event_data/Clip4|0123.npz,1,0
../TrackNet/event_data/Clip4|0136.npz,0,1
../TrackNet/event_data/Clip4|0152.npz,1,0
../TrackNet/event_data/Clip4|0165.npz,0,1
../TrackNet/event_data/Clip4|0182.npz,1,0
../TrackNet/event_data/Clip4|0201.npz,0,1
../TrackNet/event_data/Clip4|0221.npz,0,1
../TrackNet/event_data/Clip5|0015.npz,0,1
../TrackNet/event_data/Clip5|0030.npz,1,0
../TrackNet/event_data/Clip5|0042.npz,0,1
../TrackNet/event_data/Clip5|0064.npz,1,0
../TrackNet/event_data/Clip5|0075.npz,0,1
../TrackNet/event_data/Clip5|0096.npz,1,0
../TrackNet/event_data/Clip5|0104.npz,0,1
../TrackNet/event_data/Clip5|0123.npz,1,0
../TrackNet/event_data/Clip5|0131.npz,0,1
../TrackNet/event_data/Clip5|0150.npz,1,0
../TrackNet/event_data/Clip5|0158.npz,0,1
../TrackNet/event_data/Clip5|0175.npz,1,0
../TrackNet/event_data/Clip5|0185.npz,0,1
../TrackNet/event_data/Clip5|0202.npz,1,0
../TrackNet/event_data/Clip5|0210.npz,0,1
../TrackNet/event_data/Clip5|0228.npz,1,0
../TrackNet/event_data/Clip5|0238.npz,0,1
../TrackNet/event_data/Clip5|0254.npz,1,0
../TrackNet/event_data/Clip5|0264.npz,0,1
../TrackNet/event_data/Clip5|0281.npz,1,0
../TrackNet/event_data/Clip5|0288.npz,0,1
../TrackNet/event_data/Clip5|0306.npz,1,0
../TrackNet/event_data/Clip5|0312.npz,0,1
../TrackNet/event_data/Clip5|0335.npz,1,0
../TrackNet/event_data/Clip6|0014.npz,0,1
../TrackNet/event_data/Clip6|0029.npz,1,0
../TrackNet/event_data/Clip6|0040.npz,0,1
../TrackNet/event_data/Clip6|0061.npz,1,0
../TrackNet/event_data/Clip6|0075.npz,0,1
../TrackNet/event_data/Clip6|0096.npz,1,0
../TrackNet/event_data/Clip6|0105.npz,0,1
../TrackNet/event_data/Clip6|0125.npz,1,0
../TrackNet/event_data/Clip6|0133.npz,0,1
../TrackNet/event_data/Clip6|0152.npz,1,0
../TrackNet/event_data/Clip6|0159.npz,0,1
../TrackNet/event_data/Clip6|0178.npz,1,0
../TrackNet/event_data/Clip6|0186.npz,0,1
../TrackNet/event_data/Clip6|0206.npz,1,0
../TrackNet/event_data/Clip6|0213.npz,0,1
../TrackNet/event_data/Clip6|0231.npz,1,0
../TrackNet/event_data/Clip6|0240.npz,0,1
../TrackNet/event_data/Clip6|0257.npz,1,0
../TrackNet/event_data/Clip6|0268.npz,0,1
../TrackNet/event_data/Clip6|0284.npz,1,0
../TrackNet/event_data/Clip6|0291.npz,0,1
../TrackNet/event_data/Clip6|0311.npz,1,0
../TrackNet/event_data/Clip6|0319.npz,0,1
../TrackNet/event_data/Clip6|0337.npz,1,0
../TrackNet/event_data/Clip6|0344.npz,0,1
../TrackNet/event_data/Clip6|0362.npz,1,0
../TrackNet/event_data/Clip6|0370.npz,0,1
../TrackNet/event_data/Clip6|0388.npz,1,0
../TrackNet/event_data/Clip6|0395.npz,0,1
../TrackNet/event_data/Clip6|0413.npz,1,0
../TrackNet/event_data/Clip6|0421.npz,0,1
../TrackNet/event_data/Clip6|0437.npz,1,0
../TrackNet/event_data/Clip6|0444.npz,0,1
../TrackNet/event_data/Clip6|0463.npz,1,0
../TrackNet/event_data/Clip6|0468.npz,0,1
../TrackNet/event_data/Clip6|0488.npz,1,0
../TrackNet/event_data/Clip6|0497.npz,0,1
../TrackNet/event_data/Clip6|0513.npz,1,0
../TrackNet/event_data/Clip6|0522.npz,0,1
../TrackNet/event_data/Clip6|0539.npz,1,0
../TrackNet/event_data/Clip6|0547.npz,0,1
../TrackNet/event_data/Clip6|0565.npz,1,0
../TrackNet/event_data/Clip6|0571.npz,0,1
../TrackNet/event_data/Clip6|0589.npz,1,0
../TrackNet/event_data/Clip6|0595.npz,0,1
../TrackNet/event_data/Clip6|0613.npz,1,0
../TrackNet/event_data/Clip6|0618.npz,0,1
../TrackNet/event_data/Clip6|0636.npz,1,0
../TrackNet/event_data/Clip6|0641.npz,0,1
../TrackNet/event_data/Clip6|0664.npz,1,0
../TrackNet/event_data/Clip7|0008.npz,0,1
../TrackNet/event_data/Clip7|0026.npz,1,0
../TrackNet/event_data/Clip7|0033.npz,0,1
../TrackNet/event_data/Clip7|0054.npz,1,0
../TrackNet/event_data/Clip7|0062.npz,0,1
../TrackNet/event_data/Clip7|0080.npz,1,0
../TrackNet/event_data/Clip7|0087.npz,0,1
../TrackNet/event_data/Clip7|0104.npz,1,0
../TrackNet/event_data/Clip7|0114.npz,0,1
../TrackNet/event_data/Clip7|0132.npz,1,0
../TrackNet/event_data/Clip7|0138.npz,0,1
../TrackNet/event_data/Clip7|0157.npz,1,0
../TrackNet/event_data/Clip7|0167.npz,0,1
../TrackNet/event_data/Clip7|0183.npz,1,0
../TrackNet/event_data/Clip7|0191.npz,0,1
../TrackNet/event_data/Clip7|0211.npz,1,0
../TrackNet/event_data/Clip7|0221.npz,0,1
../TrackNet/event_data/Clip7|0237.npz,1,0
../TrackNet/event_data/Clip7|0249.npz,0,0
../TrackNet/event_data/Clip8|0016.npz,0,1
../TrackNet/event_data/Clip8|0030.npz,1,0
../TrackNet/event_data/Clip8|0044.npz,0,1
../TrackNet/event_data/Clip8|0065.npz,1,0
../TrackNet/event_data/Clip8|0073.npz,0,1
../TrackNet/event_data/Clip8|0098.npz,1,0
../TrackNet/event_data/Clip8|0111.npz,0,1
../TrackNet/event_data/Clip8|0130.npz,1,0
../TrackNet/event_data/Clip8|0138.npz,0,1
../TrackNet/event_data/Clip8|0159.npz,1,0
../TrackNet/event_data/Clip8|0167.npz,0,1
../TrackNet/event_data/Clip8|0188.npz,1,0
../TrackNet/event_data/Clip8|0193.npz,0,1
../TrackNet/event_data/Clip8|0214.npz,1,0
../TrackNet/event_data/Clip8|0220.npz,0,1
../TrackNet/event_data/Clip8|0242.npz,1,0
../TrackNet/event_data/Clip8|0248.npz,0,1
../TrackNet/event_data/Clip8|0262.npz,0,0
../TrackNet/event_data/Clip8|0268.npz,1,0
../TrackNet/event_data/Clip8|0273.npz,0,1
../TrackNet/event_data/Clip8|0295.npz,1,0
../TrackNet/event_data/Clip8|0303.npz,0,1
../TrackNet/event_data/Clip8|0346.npz,0,1
../TrackNet/event_data/Clip8|0370.npz,1,0
../TrackNet/event_data/Clip8|0383.npz,0,1
../TrackNet/event_data/Clip8|0409.npz,1,0
../TrackNet/event_data/Clip8|0413.npz,0,1
../TrackNet/event_data/Clip8|0437.npz,1,0
../TrackNet/event_data/Clip8|0446.npz,0,1
../TrackNet/event_data/Clip8|0467.npz,1,0
../TrackNet/event_data/Clip8|0471.npz,0,1
../TrackNet/event_data/Clip8|0492.npz,1,0
../TrackNet/event_data/Clip8|0501.npz,0,1
../TrackNet/event_data/Clip8|0519.npz,1,0
../TrackNet/event_data/Clip9|0012.npz,0,1
../TrackNet/event_data/Clip9|0022.npz,1,0
../TrackNet/event_data/Clip9|0040.npz,0,1
../TrackNet/event_data/Clip9|0066.npz,1,0
../TrackNet/event_data/Clip9|0076.npz,0,1
../TrackNet/event_data/Clip9|0099.npz,1,0
../TrackNet/event_data/Clip10|0008.npz,0,1
../TrackNet/event_data/Clip10|0023.npz,1,0
../TrackNet/event_data/Clip10|0035.npz,0,1
../TrackNet/event_data/Clip10|0062.npz,1,0
../TrackNet/event_data/Clip10|0069.npz,0,1
../TrackNet/event_data/Clip10|0099.npz,1,0
../TrackNet/event_data/Clip10|0108.npz,0,1
../TrackNet/event_data/Clip10|0130.npz,1,0
../TrackNet/event_data/Clip10|0138.npz,0,1
../TrackNet/event_data/Clip10|0161.npz,1,0
../TrackNet/event_data/Clip10|0171.npz,0,1
../TrackNet/event_data/Clip10|0192.npz,1,0
../TrackNet/event_data/Clip11|0011.npz,0,1
../TrackNet/event_data/Clip11|0023.npz,1,0
../TrackNet/event_data/Clip11|0038.npz,0,1
../TrackNet/event_data/Clip11|0064.npz,1,0
../TrackNet/event_data/Clip11|0072.npz,0,1
../TrackNet/event_data/Clip11|0097.npz,1,0
../TrackNet/event_data/Clip11|0109.npz,0,1
../TrackNet/event_data/Clip11|0130.npz,1,0
../TrackNet/event_data/Clip11|0141.npz,0,1
../TrackNet/event_data/Clip11|0163.npz,1,0
../TrackNet/event_data/Clip11|0169.npz,0,1
../TrackNet/event_data/Clip11|0195.npz,1,0
../TrackNet/event_data/Clip11|0202.npz,0,1
../TrackNet/event_data/Clip11|0226.npz,1,0
../TrackNet/event_data/Clip11|0235.npz,0,1
../TrackNet/event_data/Clip11|0257.npz,1,0
../TrackNet/event_data/Clip11|0262.npz,0,1
../TrackNet/event_data/Clip11|0288.npz,1,0
../TrackNet/event_data/Clip11|0295.npz,0,1
../TrackNet/event_data/Clip11|0317.npz,1,0
../TrackNet/event_data/Clip11|0325.npz,0,1
../TrackNet/event_data/Clip11|0347.npz,1,0
../TrackNet/event_data/Clip11|0355.npz,0,1
../TrackNet/event_data/Clip11|0375.npz,1,0
../TrackNet/event_data/Clip11|0382.npz,0,1
../TrackNet/event_data/Clip11|0405.npz,1,0
../TrackNet/event_data/Clip11|0413.npz,0,1
../TrackNet/event_data/Clip11|0433.npz,1,0
../TrackNet/event_data/Clip11|0443.npz,0,1
../TrackNet/event_data/Clip11|0464.npz,1,0
../TrackNet/event_data/Clip11|0470.npz,0,1
../TrackNet/event_data/Clip11|0492.npz,1,0
../TrackNet/event_data/Clip11|0499.npz,0,1
../TrackNet/event_data/Clip12|0012.npz,0,1
../TrackNet/event_data/Clip12|0025.npz,1,0
../TrackNet/event_data/Clip12|0039.npz,0,1
../TrackNet/event_data/Clip12|0064.npz,1,0
../TrackNet/event_data/Clip12|0071.npz,0,1
../TrackNet/event_data/Clip12|0096.npz,1,0
../TrackNet/event_data/Clip12|0105.npz,0,1
../TrackNet/event_data/Clip12|0127.npz,1,0
../TrackNet/event_data/Clip12|0132.npz,0,1
../TrackNet/event_data/Clip12|0161.npz,1,0
../TrackNet/event_data/Clip12|0165.npz,0,1
../TrackNet/event_data/Clip12|0197.npz,1,0
../TrackNet/event_data/Clip12|0204.npz,0,1
../TrackNet/event_data/Clip12|0232.npz,1,0
../TrackNet/event_data/Clip12|0238.npz,0,1
../TrackNet/event_data/Clip12|0261.npz,1,0
../TrackNet/event_data/Clip12|0268.npz,0,1
../TrackNet/event_data/Clip12|0289.npz,1,0
../TrackNet/event_data/Clip12|0296.npz,0,1
../TrackNet/event_data/Clip12|0317.npz,1,0
../TrackNet/event_data/Clip12|0327.npz,0,1
../TrackNet/event_data/Clip12|0346.npz,1,0
../TrackNet/event_data/Clip12|0354.npz,0,1
../TrackNet/event_data/Clip12|0376.npz,1,0
../TrackNet/event_data/Clip12|0381.npz,0,1
../TrackNet/event_data/Clip12|0403.npz,1,0
../TrackNet/event_data/Clip12|0410.npz,0,1
../TrackNet/event_data/Clip12|0434.npz,1,0
../TrackNet/event_data/Clip12|0444.npz,0,1
../TrackNet/event_data/Clip12|0465.npz,1,0
../TrackNet/event_data/Clip12|0471.npz,0,1
../TrackNet/event_data/Clip12|0500.npz,1,0
../TrackNet/event_data/Clip12|0512.npz,0,1
../TrackNet/event_data/Clip12|0531.npz,1,0
../TrackNet/event_data/Clip12|0538.npz,0,1
../TrackNet/event_data/Clip12|0565.npz,1,0
../TrackNet/event_data/Clip12|0570.npz,0,1
../TrackNet/event_data/Clip12|0597.npz,1,0
../TrackNet/event_data/Clip12|0605.npz,0,1
../TrackNet/event_data/Clip12|0631.npz,1,0
../TrackNet/event_data/Clip12|0641.npz,0,1
../TrackNet/event_data/Clip13|0012.npz,0,1
../TrackNet/event_data/Clip13|0022.npz,1,0
../TrackNet/event_data/Clip13|0037.npz,0,1
../TrackNet/event_data/Clip13|0066.npz,1,0
../TrackNet/event_data/Clip13|0076.npz,0,1
../TrackNet/event_data/Clip13|0098.npz,1,0
../TrackNet/event_data/Clip13|0106.npz,0,1
../TrackNet/event_data/Clip13|0133.npz,1,0
../TrackNet/event_data/Clip13|0141.npz,0,1
../TrackNet/event_data/Clip14|0013.npz,0,1
../TrackNet/event_data/Clip14|0024.npz,1,0
../TrackNet/event_data/Clip14|0039.npz,0,1
../TrackNet/event_data/Clip14|0067.npz,1,0
../TrackNet/event_data/Clip14|0075.npz,0,1
../TrackNet/event_data/Clip14|0102.npz,1,0
../TrackNet/event_data/Clip14|0111.npz,0,1
../TrackNet/event_data/Clip14|0134.npz,1,0
../TrackNet/event_data/Clip14|0142.npz,0,1
../TrackNet/event_data/Clip14|0167.npz,1,0
../TrackNet/event_data/Clip14|0173.npz,0,1
../TrackNet/event_data/Clip14|0197.npz,1,0
../TrackNet/event_data/Clip14|0204.npz,0,1
../TrackNet/event_data/Clip14|0228.npz,1,0
../TrackNet/event_data/Clip14|0235.npz,0,1
../TrackNet/event_data/Clip14|0262.npz,1,0
../TrackNet/event_data/Clip15|0012.npz,0,1
../TrackNet/event_data/Clip15|0024.npz,1,0
../TrackNet/event_data/Clip15|0039.npz,0,1
../TrackNet/event_data/Clip15|0068.npz,1,0
../TrackNet/event_data/Clip15|0075.npz,0,1
../TrackNet/event_data/Clip15|0102.npz,1,0
../TrackNet/event_data/Clip15|0111.npz,0,1
../TrackNet/event_data/Clip15|0137.npz,1,0
../TrackNet/event_data/Clip15|0144.npz,0,1
../TrackNet/event_data/Clip15|0168.npz,1,0
../TrackNet/event_data/Clip15|0178.npz,0,1
../TrackNet/event_data/Clip15|0200.npz,1,0
../TrackNet/event_data/Clip15|0207.npz,0,1
../TrackNet/event_data/Clip16|0012.npz,0,1
../TrackNet/event_data/Clip16|0025.npz,1,0
../TrackNet/event_data/Clip16|0037.npz,0,1
../TrackNet/event_data/Clip16|0069.npz,1,0
../TrackNet/event_data/Clip16|0089.npz,0,1
../TrackNet/event_data/Clip16|0122.npz,1,0
../TrackNet/event_data/Clip16|0131.npz,0,1
../TrackNet/event_data/Clip16|0163.npz,1,0
../TrackNet/event_data/Clip16|0168.npz,0,1
../TrackNet/event_data/Clip16|0197.npz,1,0
../TrackNet/event_data/Clip16|0206.npz,1,0
../TrackNet/event_data/Clip16|0231.npz,1,0
../TrackNet/event_data/Clip16|0236.npz,0,1
../TrackNet/event_data/Clip17|0013.npz,0,1
../TrackNet/event_data/Clip17|0023.npz,1,0
../TrackNet/event_data/Clip17|0039.npz,0,1
../TrackNet/event_data/Clip17|0069.npz,1,0
../TrackNet/event_data/Clip17|0077.npz,0,1
../TrackNet/event_data/Clip17|0099.npz,1,0
../TrackNet/event_data/Clip17|0109.npz,0,1
../TrackNet/event_data/Clip17|0133.npz,1,0
../TrackNet/event_data/Clip17|0140.npz,0,1
../TrackNet/event_data/Clip17|0158.npz,1,0
../TrackNet/event_data/Clip17|0165.npz,0,1
../TrackNet/event_data/Clip17|0198.npz,1,0
../TrackNet/event_data/Clip17|0203.npz,0,1
../TrackNet/event_data/Clip17|0225.npz,1,0
../TrackNet/event_data/Clip17|0232.npz,0,1
../TrackNet/event_data/Clip17|0264.npz,1,0
../TrackNet/event_data/Clip17|0269.npz,0,1
../TrackNet/event_data/Clip17|0290.npz,1,0
../TrackNet/event_data/Clip17|0301.npz,0,1
../TrackNet/event_data/Clip17|0327.npz,1,0
../TrackNet/event_data/Clip17|0332.npz,0,1
../TrackNet/event_data/Clip17|0358.npz,1,0
../TrackNet/event_data/Clip18|0007.npz,1,0
../TrackNet/event_data/Clip18|0019.npz,0,1
../TrackNet/event_data/Clip18|0048.npz,1,0
../TrackNet/event_data/Clip18|0058.npz,0,1
../TrackNet/event_data/Clip18|0088.npz,1,0
../TrackNet/event_data/Clip19|0013.npz,0,1
../TrackNet/event_data/Clip19|0027.npz,1,0
../TrackNet/event_data/Clip19|0039.npz,0,1
../TrackNet/event_data/Clip19|0063.npz,1,0
../TrackNet/event_data/Clip19|0073.npz,0,1
../TrackNet/event_data/Clip19|0094.npz,1,0
../TrackNet/event_data/Clip19|0101.npz,0,1
../TrackNet/event_data/Clip19|0126.npz,1,0
../TrackNet/event_data/Clip19|0134.npz,0,1
../TrackNet/event_data/Clip19|0153.npz,1,0
../TrackNet/event_data/Clip19|0160.npz,0,1
../TrackNet/event_data/Clip19|0183.npz,1,0
../TrackNet/event_data/Clip20|0010.npz,0,1
../TrackNet/event_data/Clip20|0021.npz,1,0
../TrackNet/event_data/Clip20|0038.npz,0,1
../TrackNet/event_data/Clip20|0064.npz,1,0
../TrackNet/event_data/Clip20|0070.npz,0,1
../TrackNet/event_data/Clip20|0094.npz,1,0
../TrackNet/event_data/Clip20|0101.npz,0,1
../TrackNet/event_data/Clip20|0135.npz,1,0
../TrackNet/event_data/Clip20|0145.npz,0,1
../TrackNet/event_data/Clip21|0008.npz,0,1
../TrackNet/event_data/Clip21|0021.npz,1,0
../TrackNet/event_data/Clip21|0035.npz,0,1
../TrackNet/event_data/Clip21|0064.npz,1,0
../TrackNet/event_data/Clip21|0073.npz,0,1
../TrackNet/event_data/Clip21|0093.npz,1,0
../TrackNet/event_data/Clip21|0101.npz,0,1
../TrackNet/event_data/Clip21|0126.npz,1,0
../TrackNet/event_data/Clip21|0134.npz,0,1
../TrackNet/event_data/Clip21|0154.npz,1,0
../TrackNet/event_data/Clip21|0161.npz,0,1
../TrackNet/event_data/Clip21|0196.npz,1,0
../TrackNet/event_data/Clip21|0202.npz,0,1
../TrackNet/event_data/Clip21|0232.npz,1,0
../TrackNet/event_data/Clip21|0240.npz,0,1
../TrackNet/event_data/Clip21|0271.npz,1,0
../TrackNet/event_data/Clip21|0277.npz,0,1
../TrackNet/event_data/Clip21|0298.npz,1,0
../TrackNet/event_data/Clip21|0309.npz,0,1
../TrackNet/event_data/Clip21|0335.npz,1,0
../TrackNet/event_data/Clip21|0341.npz,0,1
../TrackNet/event_data/Clip21|0364.npz,1,0
../TrackNet/event_data/Clip21|0372.npz,0,1
../TrackNet/event_data/Clip21|0404.npz,1,0
../TrackNet/event_data/Clip21|0410.npz,0,1
../TrackNet/event_data/Clip21|0431.npz,1,0
../TrackNet/event_data/Clip21|0438.npz,0,1
../TrackNet/event_data/Clip21|0472.npz,1,0
../TrackNet/event_data/Clip21|0481.npz,0,1
../TrackNet/event_data/Clip21|0500.npz,1,0
../TrackNet/event_data/Clip21|0505.npz,0,1
../TrackNet/event_data/Clip22|0015.npz,0,1
../TrackNet/event_data/Clip22|0025.npz,1,0
../TrackNet/event_data/Clip22|0042.npz,0,1
../TrackNet/event_data/Clip22|0067.npz,1,0
../TrackNet/event_data/Clip22|0075.npz,0,1
../TrackNet/event_data/Clip22|0104.npz,1,0
../TrackNet/event_data/Clip22|0116.npz,0,1
../TrackNet/event_data/Clip22|0135.npz,1,0
../TrackNet/event_data/Clip22|0140.npz,0,1
../TrackNet/event_data/Clip22|0178.npz,1,0
../TrackNet/event_data/Clip22|0184.npz,0,1
../TrackNet/event_data/Clip22|0218.npz,1,0
../TrackNet/event_data/Clip23|0018.npz,0,1
../TrackNet/event_data/Clip23|0029.npz,1,0
../TrackNet/event_data/Clip23|0042.npz,0,1
../TrackNet/event_data/Clip23|0070.npz,1,0
../TrackNet/event_data/Clip23|0081.npz,0,1
../TrackNet/event_data/Clip24|0015.npz,0,1
../TrackNet/event_data/Clip24|0030.npz,1,0
../TrackNet/event_data/Clip24|0043.npz,0,1
../TrackNet/event_data/Clip24|0069.npz,1,0
../TrackNet/event_data/Clip24|0078.npz,0,1
../TrackNet/event_data/Clip24|0112.npz,1,0
../TrackNet/event_data/Clip24|0120.npz,0,1
../TrackNet/event_data/Clip24|0141.npz,1,0
../TrackNet/event_data/Clip24|0145.npz,0,1
../TrackNet/event_data/Clip24|0178.npz,1,0
../TrackNet/event_data/Clip24|0186.npz,0,1
../TrackNet/event_data/Clip24|0206.npz,1,0
../TrackNet/event_data/Clip24|0218.npz,0,1
../TrackNet/event_data/Clip24|0243.npz,1,0
../TrackNet/event_data/Clip24|0250.npz,0,1
../TrackNet/event_data/Clip24|0270.npz,1,0
../TrackNet/event_data/Clip24|0275.npz,0,1
../TrackNet/event_data/Clip24|0310.npz,1,0
../TrackNet/event_data/Clip24|0318.npz,0,1
../TrackNet/event_data/Clip24|0338.npz,1,0
../TrackNet/event_data/Clip24|0346.npz,0,1
../TrackNet/event_data/Clip24|0374.npz,1,0
../TrackNet/event_data/Clip24|0382.npz,0,1
../TrackNet/event_data/Clip24|0401.npz,1,0
../TrackNet/event_data/Clip24|0410.npz,0,1
../TrackNet/event_data/Clip24|0436.npz,1,0
../TrackNet/event_data/Clip24|0443.npz,0,1
../TrackNet/event_data/Clip24|0463.npz,1,0
../TrackNet/event_data/Clip24|0473.npz,0,1
../TrackNet/event_data/Clip24|0503.npz,1,0
../TrackNet/event_data/Clip25|0012.npz,0,1
../TrackNet/event_data/Clip25|0023.npz,1,0
../TrackNet/event_data/Clip25|0036.npz,0,1
../TrackNet/event_data/Clip25|0070.npz,1,0
../TrackNet/event_data/Clip25|0078.npz,0,1
../TrackNet/event_data/Clip25|0106.npz,1,0
../TrackNet/event_data/Clip25|0114.npz,0,1
../TrackNet/event_data/Clip25|0143.npz,0,1
../TrackNet/event_data/Clip26|0013.npz,0,1
../TrackNet/event_data/Clip26|0026.npz,1,0
../TrackNet/event_data/Clip26|0040.npz,0,1
../TrackNet/event_data/Clip26|0064.npz,1,0
../TrackNet/event_data/Clip26|0072.npz,0,1
../TrackNet/event_data/Clip26|0108.npz,1,0
../TrackNet/event_data/Clip26|0118.npz,0,1
../TrackNet/event_data/Clip26|0142.npz,1,0
../TrackNet/event_data/Clip26|0151.npz,0,1
../TrackNet/event_data/Clip26|0185.npz,1,0
../TrackNet/event_data/Clip26|0193.npz,0,1
../TrackNet/event_data/Clip26|0214.npz,1,0
../TrackNet/event_data/Clip26|0218.npz,0,1
../TrackNet/event_data/Clip26|0253.npz,1,0
../TrackNet/event_data/Clip26|0259.npz,0,1
../TrackNet/event_data/Clip26|0283.npz,1,0
../TrackNet/event_data/Clip26|0289.npz,0,1
../TrackNet/event_data/Clip26|0319.npz,1,0
../TrackNet/event_data/Clip26|0324.npz,0,1
../TrackNet/event_data/Clip26|0348.npz,1,0
../TrackNet/event_data/Clip26|0357.npz,0,1
../TrackNet/event_data/Clip26|0389.npz,1,0
../TrackNet/event_data/Clip26|0395.npz,0,1
../TrackNet/event_data/Clip26|0417.npz,1,0
../TrackNet/event_data/Clip26|0423.npz,0,1
../TrackNet/event_data/Clip26|0455.npz,1,0
../TrackNet/event_data/Clip26|0460.npz,0,1
../TrackNet/event_data/Clip26|0482.npz,1,0
../TrackNet/event_data/Clip26|0492.npz,0,1
../TrackNet/event_data/Clip26|0517.npz,1,0
../TrackNet/event_data/Clip26|0522.npz,0,1
../TrackNet/event_data/Clip26|0543.npz,1,0
../TrackNet/event_data/Clip26|0551.npz,0,1
../TrackNet/event_data/Clip26|0575.npz,1,0
../TrackNet/event_data/Clip26|0581.npz,0,1
../TrackNet/event_data/Clip26|0599.npz,1,0
../TrackNet/event_data/Clip26|0603.npz,0,1
../TrackNet/event_data/Clip26|0633.npz,1,0
../TrackNet/event_data/Clip26|0640.npz,0,1
../TrackNet/event_data/Clip26|0660.npz,1,0
../TrackNet/event_data/Clip26|0665.npz,0,1
../TrackNet/event_data/Clip26|0694.npz,1,0
../TrackNet/event_data/Clip26|0699.npz,0,1
../TrackNet/event_data/Clip27|0011.npz,0,1
../TrackNet/event_data/Clip27|0023.npz,1,0
../TrackNet/event_data/Clip27|0035.npz,0,1
../TrackNet/event_data/Clip27|0070.npz,1,0
../TrackNet/event_data/Clip28|0011.npz,0,1
../TrackNet/event_data/Clip28|0028.npz,1,0
../TrackNet/event_data/Clip28|0040.npz,0,1
../TrackNet/event_data/Clip28|0075.npz,1,0
../TrackNet/event_data/Clip28|0084.npz,0,1
../TrackNet/event_data/Clip28|0108.npz,1,0
../TrackNet/event_data/Clip28|0118.npz,0,1
../TrackNet/event_data/Clip28|0144.npz,1,0
../TrackNet/event_data/Clip28|0148.npz,0,1
../TrackNet/event_data/Clip28|0175.npz,1,0
../TrackNet/event_data/Clip28|0180.npz,0,1
../TrackNet/event_data/Clip28|0214.npz,1,0
../TrackNet/event_data/Clip28|0221.npz,0,1
../TrackNet/event_data/Clip28|0245.npz,1,0
../TrackNet/event_data/Clip28|0254.npz,0,1
../TrackNet/event_data/Clip28|0279.npz,1,0
../TrackNet/event_data/Clip28|0286.npz,0,1
../TrackNet/event_data/Clip28|0306.npz,1,0
../TrackNet/event_data/Clip28|0313.npz,0,1
../TrackNet/event_data/Clip28|0344.npz,1,0
../TrackNet/event_data/Clip28|0353.npz,0,1
../TrackNet/event_data/Clip29|0009.npz,0,1
../TrackNet/event_data/Clip29|0022.npz,1,0
../TrackNet/event_data/Clip29|0037.npz,0,1
../TrackNet/event_data/Clip29|0065.npz,1,0
../TrackNet/event_data/Clip29|0073.npz,0,1
../TrackNet/event_data/Clip29|0098.npz,1,0
../TrackNet/event_data/Clip30|0014.npz,0,1
../TrackNet/event_data/Clip30|0027.npz,1,0
../TrackNet/event_data/Clip30|0042.npz,0,1
../TrackNet/event_data/Clip30|0066.npz,1,0
../TrackNet/event_data/Clip30|0074.npz,0,1
../TrackNet/event_data/Clip30|0097.npz,1,0
../TrackNet/event_data/Clip30|0105.npz,0,1
../TrackNet/event_data/Clip30|0139.npz,1,0
../TrackNet/event_data/Clip30|0150.npz,0,1
../TrackNet/event_data/Clip30|0178.npz,1,0
../TrackNet/event_data/Clip30|0186.npz,0,1
../TrackNet/event_data/Clip30|0210.npz,1,0
../TrackNet/event_data/Clip30|0216.npz,0,1
../TrackNet/event_data/Clip30|0248.npz,1,0
../TrackNet/event_data/Clip31|0014.npz,0,1
../TrackNet/event_data/Clip31|0023.npz,1,0
../TrackNet/event_data/Clip31|0038.npz,0,1
../TrackNet/event_data/Clip31|0061.npz,1,0
../TrackNet/event_data/Clip31|0072.npz,0,1
../TrackNet/event_data/Clip31|0097.npz,1,0
../TrackNet/event_data/Clip31|0103.npz,0,1
../TrackNet/event_data/Clip32|0012.npz,0,1
../TrackNet/event_data/Clip32|0027.npz,1,0
../TrackNet/event_data/Clip32|0041.npz,0,1
../TrackNet/event_data/Clip32|0066.npz,1,0
../TrackNet/event_data/Clip32|0071.npz,0,1
../TrackNet/event_data/Clip32|0093.npz,1,0
../TrackNet/event_data/Clip32|0099.npz,0,1
../TrackNet/event_data/Clip32|0127.npz,1,0
../TrackNet/event_data/Clip32|0133.npz,0,1
../TrackNet/event_data/Clip32|0153.npz,1,0
../TrackNet/event_data/Clip32|0162.npz,0,1
../TrackNet/event_data/Clip32|0192.npz,1,0
../TrackNet/event_data/Clip32|0200.npz,0,1
../TrackNet/event_data/Clip32|0221.npz,1,0
../TrackNet/event_data/Clip33|0014.npz,0,1
../TrackNet/event_data/Clip33|0021.npz,1,0
../TrackNet/event_data/Clip33|0042.npz,0,1
../TrackNet/event_data/Clip33|0065.npz,1,0
../TrackNet/event_data/Clip33|0074.npz,0,1
../TrackNet/event_data/Clip33|0099.npz,1,0
../TrackNet/event_data/Clip33|0108.npz,0,1
../TrackNet/event_data/Clip33|0127.npz,1,0
../TrackNet/event_data/Clip33|0146.npz,0,1
../TrackNet/event_data/Clip33|0176.npz,1,0
../TrackNet/event_data/Clip34|0013.npz,0,1
../TrackNet/event_data/Clip34|0025.npz,1,0
../TrackNet/event_data/Clip34|0042.npz,0,1
../TrackNet/event_data/Clip34|0066.npz,1,0
../TrackNet/event_data/Clip34|0072.npz,0,1
../TrackNet/event_data/Clip34|0095.npz,1,0
../TrackNet/event_data/Clip34|0105.npz,0,1
../TrackNet/event_data/Clip34|0128.npz,1,0
../TrackNet/event_data/Clip34|0134.npz,0,1
../TrackNet/event_data/Clip34|0156.npz,1,0
../TrackNet/event_data/Clip34|0160.npz,0,1
../TrackNet/event_data/Clip34|0190.npz,1,0
../TrackNet/event_data/Clip34|0201.npz,0,1
../TrackNet/event_data/Clip35|0014.npz,0,1
../TrackNet/event_data/Clip35|0025.npz,1,0
../TrackNet/event_data/Clip35|0039.npz,0,1
../TrackNet/event_data/Clip35|0064.npz,1,0
../TrackNet/event_data/Clip35|0074.npz,0,1
../TrackNet/event_data/Clip35|0094.npz,1,0
../TrackNet/event_data/Clip35|0100.npz,0,1
../TrackNet/event_data/Clip35|0126.npz,1,0
../TrackNet/event_data/Clip35|0132.npz,0,1
../TrackNet/event_data/Clip35|0154.npz,1,0
../TrackNet/event_data/Clip35|0163.npz,0,1
../TrackNet/event_data/Clip35|0184.npz,1,0
../TrackNet/event_data/Clip36|0016.npz,0,1
../TrackNet/event_data/Clip36|0026.npz,1,0
../TrackNet/event_data/Clip36|0041.npz,0,1
../TrackNet/event_data/Clip36|0065.npz,1,0
../TrackNet/event_data/Clip36|0072.npz,0,1
../TrackNet/event_data/Clip36|0094.npz,1,0
../TrackNet/event_data/Clip36|0103.npz,0,1
../TrackNet/event_data/Clip36|0126.npz,1,0
../TrackNet/event_data/Clip36|0138.npz,0,1
../TrackNet/event_data/Clip36|0156.npz,1,0
../TrackNet/event_data/Clip37|0014.npz,0,1
../TrackNet/event_data/Clip37|0024.npz,1,0
../TrackNet/event_data/Clip37|0041.npz,0,1
../TrackNet/event_data/Clip37|0064.npz,1,0
../TrackNet/event_data/Clip37|0071.npz,0,1
../TrackNet/event_data/Clip37|0098.npz,1,0
../TrackNet/event_data/Clip37|0103.npz,0,1
../TrackNet/event_data/Clip37|0127.npz,1,0
../TrackNet/event_data/Clip37|0142.npz,0,1
../TrackNet/event_data/Clip37|0164.npz,1,0
../TrackNet/event_data/Clip38|0013.npz,0,1
../TrackNet/event_data/Clip38|0028.npz,1,0
../TrackNet/event_data/Clip38|0039.npz,0,1
../TrackNet/event_data/Clip38|0065.npz,1,0
../TrackNet/event_data/Clip38|0072.npz,0,1
../TrackNet/event_data/Clip38|0098.npz,1,0
../TrackNet/event_data/Clip38|0104.npz,0,1
../TrackNet/event_data/Clip38|0130.npz,1,0
../TrackNet/event_data/Clip38|0139.npz,0,1
../TrackNet/event_data/Clip38|0165.npz,1,0
../TrackNet/event_data/Clip38|0169.npz,0,1
../TrackNet/event_data/Clip38|0205.npz,1,0
../TrackNet/event_data/Clip38|0211.npz,0,1
../TrackNet/event_data/Clip39|0013.npz,0,1
../TrackNet/event_data/Clip39|0029.npz,1,0
../TrackNet/event_data/Clip39|0039.npz,0,1
../TrackNet/event_data/Clip39|0067.npz,1,0
../TrackNet/event_data/Clip39|0076.npz,0,1
../TrackNet/event_data/Clip39|0097.npz,1,0
../TrackNet/event_data/Clip39|0105.npz,0,1
../TrackNet/event_data/Clip39|0130.npz,1,0
../TrackNet/event_data/Clip39|0137.npz,0,1
../TrackNet/event_data/Clip39|0158.npz,1,0
../TrackNet/event_data/Clip39|0164.npz,0,1
../TrackNet/event_data/Clip40|0014.npz,0,1
../TrackNet/event_data/Clip40|0027.npz,1,0
../TrackNet/event_data/Clip40|0042.npz,0,1
../TrackNet/event_data/Clip40|0065.npz,1,0
../TrackNet/event_data/Clip40|0074.npz,0,1
../TrackNet/event_data/Clip40|0099.npz,1,0
../TrackNet/event_data/Clip41|0014.npz,0,1
../TrackNet/event_data/Clip41|0028.npz,1,0
../TrackNet/event_data/Clip41|0042.npz,0,1
../TrackNet/event_data/Clip42|0013.npz,0,1
../TrackNet/event_data/Clip42|0023.npz,1,0
../TrackNet/event_data/Clip42|0039.npz,0,1
../TrackNet/event_data/Clip42|0066.npz,1,0
../TrackNet/event_data/Clip42|0073.npz,0,1
../TrackNet/event_data/Clip42|0101.npz,1,0
../TrackNet/event_data/Clip42|0110.npz,0,1
../TrackNet/event_data/Clip42|0130.npz,1,0
../TrackNet/event_data/Clip42|0139.npz,0,1
../TrackNet/event_data/Clip43|0013.npz,0,1
../TrackNet/event_data/Clip43|0022.npz,1,0
../TrackNet/event_data/Clip43|0037.npz,0,1
../TrackNet/event_data/Clip43|0063.npz,1,0
../TrackNet/event_data/Clip43|0070.npz,0,1
../TrackNet/event_data/Clip43|0097.npz,1,0
../TrackNet/event_data/Clip44|0021.npz,0,1
../TrackNet/event_data/Clip44|0035.npz,1,0
../TrackNet/event_data/Clip44|0047.npz,0,1
../TrackNet/event_data/Clip44|0072.npz,1,0
../TrackNet/event_data/Clip44|0081.npz,0,1
../TrackNet/event_data/Clip44|0110.npz,1,0
../TrackNet/event_data/Clip44|0119.npz,0,1
../TrackNet/event_data/Clip44|0148.npz,1,0
../TrackNet/event_data/Clip44|0160.npz,0,1
../TrackNet/event_data/Clip44|0197.npz,1,0
../TrackNet/event_data/Clip44|0205.npz,0,1
../TrackNet/event_data/Clip44|0224.npz,1,0
../TrackNet/event_data/Clip45|0013.npz,0,1
../TrackNet/event_data/Clip45|0025.npz,1,0
../TrackNet/event_data/Clip45|0036.npz,0,1
../TrackNet/event_data/Clip45|0065.npz,1,0
../TrackNet/event_data/Clip45|0075.npz,0,1
../TrackNet/event_data/Clip46|0009.npz,0,1
../TrackNet/event_data/Clip46|0022.npz,1,0
../TrackNet/event_data/Clip46|0036.npz,0,1
../TrackNet/event_data/Clip46|0063.npz,1,0
../TrackNet/event_data/Clip46|0070.npz,0,1
../TrackNet/event_data/Clip46|0101.npz,1,0
../TrackNet/event_data/Clip46|0108.npz,0,1
../TrackNet/event_data/Clip46|0138.npz,1,0
../TrackNet/event_data/Clip46|0149.npz,0,1
../TrackNet/event_data/Clip46|0175.npz,1,0
../TrackNet/event_data/Clip46|0189.npz,0,1
../TrackNet/event_data/Clip46|0224.npz,1,0
../TrackNet/event_data/Clip46|0229.npz,0,1
../TrackNet/event_data/Clip46|0249.npz,1,0
../TrackNet/event_data/Clip46|0258.npz,0,1
../TrackNet/event_data/Clip46|0280.npz,1,0
../TrackNet/event_data/Clip47|0009.npz,0,1
../TrackNet/event_data/Clip47|0021.npz,1,0
../TrackNet/event_data/Clip47|0035.npz,0,1
../TrackNet/event_data/Clip47|0058.npz,1,0
../TrackNet/event_data/Clip47|0069.npz,0,1
../TrackNet/event_data/Clip47|0099.npz,1,0
../TrackNet/event_data/Clip47|0111.npz,0,1
../TrackNet/event_data/Clip47|0150.npz,1,0
../TrackNet/event_data/Clip48|0013.npz,0,1
../TrackNet/event_data/Clip48|0027.npz,1,0
../TrackNet/event_data/Clip48|0036.npz,0,1
../TrackNet/event_data/Clip48|0069.npz,1,0
../TrackNet/event_data/Clip48|0083.npz,0,1
../TrackNet/event_data/Clip48|0119.npz,1,0
../TrackNet/event_data/Clip48|0131.npz,0,1
../TrackNet/event_data/Clip48|0166.npz,1,0
../TrackNet/event_data/Clip48|0175.npz,0,1
../TrackNet/event_data/Clip48|0210.npz,1,0
../TrackNet/event_data/Clip48|0219.npz,0,1
../TrackNet/event_data/Clip48|0244.npz,1,0
../TrackNet/event_data/Clip48|0251.npz,0,1
../TrackNet/event_data/Clip48|0281.npz,1,0
../TrackNet/event_data/Clip48|0287.npz,0,1
../TrackNet/event_data/Clip48|0327.npz,1,0
../TrackNet/event_data/Clip48|0338.npz,0,1
../TrackNet/event_data/Clip48|0362.npz,1,0
../TrackNet/event_data/Clip48|0369.npz,0,1
../TrackNet/event_data/Clip48|0408.npz,1,0
../TrackNet/event_data/Clip48|0418.npz,0,1
../TrackNet/event_data/Clip48|0441.npz,1,0
../TrackNet/event_data/Clip48|0449.npz,0,1
../TrackNet/event_data/Clip49|0021.npz,0,1
../TrackNet/event_data/Clip49|0032.npz,1,0
../TrackNet/event_data/Clip49|0043.npz,0,1
../TrackNet/event_data/Clip49|0067.npz,1,0
../TrackNet/event_data/Clip49|0087.npz,0,1
../TrackNet/event_data/Clip49|0120.npz,1,0
../TrackNet/event_data/Clip49|0127.npz,0,1
../TrackNet/event_data/Clip49|0149.npz,1,0
../TrackNet/event_data/Clip49|0156.npz,0,1
../TrackNet/event_data/Clip49|0187.npz,1,0
../TrackNet/event_data/Clip50|0008.npz,0,1
../TrackNet/event_data/Clip50|0024.npz,1,0
../TrackNet/event_data/Clip50|0035.npz,0,1
../TrackNet/event_data/Clip50|0059.npz,1,0
../TrackNet/event_data/Clip50|0072.npz,0,1
../TrackNet/event_data/Clip50|0102.npz,1,0
../TrackNet/event_data/Clip50|0117.npz,0,1
../TrackNet/event_data/Clip50|0153.npz,1,0
../TrackNet/event_data/Clip50|0163.npz,0,1
../TrackNet/event_data/Clip51|0014.npz,0,1
../TrackNet/event_data/Clip51|0025.npz,1,0
../TrackNet/event_data/Clip51|0040.npz,0,1
../TrackNet/event_data/Clip51|0062.npz,1,0
../TrackNet/event_data/Clip51|0073.npz,0,1
../TrackNet/event_data/Clip51|0098.npz,1,0
../TrackNet/event_data/Clip51|0106.npz,0,1
../TrackNet/event_data/Clip51|0136.npz,1,0
../TrackNet/event_data/Clip51|0148.npz,0,1
../TrackNet/event_data/Clip51|0183.npz,1,0
../TrackNet/event_data/Clip52|0009.npz,0,1
../TrackNet/event_data/Clip52|0024.npz,1,0
../TrackNet/event_data/Clip52|0036.npz,0,1
../TrackNet/event_data/Clip52|0063.npz,1,0
../TrackNet/event_data/Clip52|0072.npz,0,1
../TrackNet/event_data/Clip52|0095.npz,1,0
../TrackNet/event_data/Clip52|0109.npz,0,1
../TrackNet/event_data/Clip52|0154.npz,1,0
../TrackNet/event_data/Clip52|0158.npz,0,1
../TrackNet/event_data/Clip52|0177.npz,1,0
../TrackNet/event_data/Clip52|0187.npz,0,1
../TrackNet/event_data/Clip52|0214.npz,1,0
../TrackNet/event_data/Clip52|0222.npz,0,1
../TrackNet/event_data/Clip52|0237.npz,1,0
../TrackNet/event_data/Clip53|0022.npz,0,1
../TrackNet/event_data/Clip53|0028.npz,1,0
../TrackNet/event_data/Clip53|0049.npz,0,1
../TrackNet/event_data/Clip53|0075.npz,1,0
../TrackNet/event_data/Clip53|0088.npz,0,1
../TrackNet/event_data/Clip53|0116.npz,1,0
../TrackNet/event_data/Clip53|0126.npz,0,1
../TrackNet/event_data/Clip53|0155.npz,1,0
../TrackNet/event_data/Clip53|0167.npz,0,1
../TrackNet/event_data/Clip53|0198.npz,1,0
../TrackNet/event_data/Clip53|0205.npz,0,1
../TrackNet/event_data/Clip53|0237.npz,1,0
../TrackNet/event_data/Clip53|0243.npz,0,1
../TrackNet/event_data/Clip53|0275.npz,1,0
../TrackNet/event_data/Clip53|0286.npz,0,1
../TrackNet/event_data/Clip53|0313.npz,1,0
../TrackNet/event_data/Clip53|0326.npz,0,1
../TrackNet/event_data/Clip53|0346.npz,1,0
../TrackNet/event_data/Clip53|0357.npz,0,1
../TrackNet/event_data/Clip53|0379.npz,1,0
../TrackNet/event_data/Clip53|0387.npz,0,1
../TrackNet/event_data/Clip53|0412.npz,1,0
../TrackNet/event_data/Clip54|0012.npz,0,1
../TrackNet/event_data/Clip54|0025.npz,1,0
../TrackNet/event_data/Clip54|0041.npz,0,1
../TrackNet/event_data/Clip54|0065.npz,1,0
../TrackNet/event_data/Clip54|0079.npz,0,1
../TrackNet/event_data/Clip54|0106.npz,1,0
../TrackNet/event_data/Clip54|0114.npz,0,1
../TrackNet/event_data/Clip54|0142.npz,1,0
../TrackNet/event_data/Clip55|0010.npz,0,1
../TrackNet/event_data/Clip55|0021.npz,1,0
../TrackNet/event_data/Clip55|0035.npz,0,1
../TrackNet/event_data/Clip55|0057.npz,1,0
../TrackNet/event_data/Clip55|0068.npz,0,1
../TrackNet/event_data/Clip55|0094.npz,1,0
../TrackNet/event_data/Clip55|0105.npz,0,1
../TrackNet/event_data/Clip55|0140.npz,0,1
../TrackNet/event_data/Clip56|0010.npz,0,1
../TrackNet/event_data/Clip56|0024.npz,1,0
../TrackNet/event_data/Clip56|0035.npz,0,1
../TrackNet/event_data/Clip56|0063.npz,1,0
../TrackNet/event_data/Clip56|0073.npz,0,1
../TrackNet/event_data/Clip56|0100.npz,1,0
../TrackNet/event_data/Clip56|0114.npz,0,1
../TrackNet/event_data/Clip56|0151.npz,1,0
../TrackNet/event_data/Clip56|0161.npz,0,1
../TrackNet/event_data/Clip56|0192.npz,1,0
../TrackNet/event_data/Clip57|0021.npz,0,1
../TrackNet/event_data/Clip57|0032.npz,1,0
../TrackNet/event_data/Clip57|0046.npz,0,1
../TrackNet/event_data/Clip57|0072.npz,1,0
../TrackNet/event_data/Clip57|0085.npz,0,1
../TrackNet/event_data/Clip57|0113.npz,1,0
../TrackNet/event_data/Clip57|0120.npz,0,1
../TrackNet/event_data/Clip57|0149.npz,1,0
../TrackNet/event_data/Clip57|0157.npz,0,1
../TrackNet/event_data/Clip57|0190.npz,1,0
../TrackNet/event_data/Clip57|0202.npz,0,1
../TrackNet/event_data/Clip57|0230.npz,1,0
../TrackNet/event_data/Clip57|0245.npz,0,1
../TrackNet/event_data/Clip57|0271.npz,1,0
../TrackNet/event_data/Clip57|0282.npz,0,1
../TrackNet/event_data/Clip57|0306.npz,1,0
../TrackNet/event_data/Clip57|0312.npz,0,1
../TrackNet/event_data/Clip57|0342.npz,1,0
../TrackNet/event_data/Clip57|0351.npz,0,1
../TrackNet/event_data/Clip57|0380.npz,1,0
../TrackNet/event_data/Clip57|0387.npz,0,1
../TrackNet/event_data/Clip58|0014.npz,0,1
../TrackNet/event_data/Clip58|0032.npz,1,0
../TrackNet/event_data/Clip58|0042.npz,0,1
../TrackNet/event_data/Clip58|0069.npz,1,0
../TrackNet/event_data/Clip58|0080.npz,0,1
../TrackNet/event_data/Clip58|0104.npz,1,0
../TrackNet/event_data/Clip58|0112.npz,0,1
../TrackNet/event_data/Clip58|0138.npz,1,0
../TrackNet/event_data/Clip58|0147.npz,0,1
../TrackNet/event_data/Clip58|0181.npz,1,0
../TrackNet/event_data/Clip59|0008.npz,0,1
../TrackNet/event_data/Clip59|0023.npz,1,0
../TrackNet/event_data/Clip59|0032.npz,0,1
../TrackNet/event_data/Clip59|0059.npz,1,0
../TrackNet/event_data/Clip59|0072.npz,0,1
../TrackNet/event_data/Clip59|0101.npz,1,0
../TrackNet/event_data/Clip59|0106.npz,0,1
../TrackNet/event_data/Clip60|0007.npz,0,1
../TrackNet/event_data/Clip60|0020.npz,1,0
../TrackNet/event_data/Clip60|0033.npz,0,1
../TrackNet/event_data/Clip60|0056.npz,1,0
../TrackNet/event_data/Clip60|0068.npz,0,1
../TrackNet/event_data/Clip60|0091.npz,1,0
../TrackNet/event_data/Clip60|0102.npz,0,1
../TrackNet/event_data/Clip60|0135.npz,1,0
../TrackNet/event_data/Clip60|0142.npz,0,1
../TrackNet/event_data/Clip60|0160.npz,1,0
../TrackNet/event_data/Clip60|0166.npz,0,1
../TrackNet/event_data/Clip60|0193.npz,1,0
../TrackNet/event_data/Clip60|0200.npz,0,1
../TrackNet/event_data/Clip60|0218.npz,1,0
../TrackNet/event_data/Clip60|0228.npz,0,1
../TrackNet/event_data/Clip61|0010.npz,0,1
../TrackNet/event_data/Clip61|0025.npz,1,0
../TrackNet/event_data/Clip61|0033.npz,0,1
../TrackNet/event_data/Clip61|0070.npz,1,0
../TrackNet/event_data/Clip61|0081.npz,0,1
../TrackNet/event_data/Clip61|0120.npz,1,0
../TrackNet/event_data/Clip62|0006.npz,0,1
../TrackNet/event_data/Clip62|0023.npz,1,0
../TrackNet/event_data/Clip62|0033.npz,0,1
../TrackNet/event_data/Clip62|0056.npz,1,0
../TrackNet/event_data/Clip62|0068.npz,0,1
../TrackNet/event_data/Clip62|0093.npz,1,0
../TrackNet/event_data/Clip62|0101.npz,0,1
../TrackNet/event_data/Clip63|0007.npz,0,1
../TrackNet/event_data/Clip63|0025.npz,1,0
../TrackNet/event_data/Clip63|0037.npz,0,1
../TrackNet/event_data/Clip63|0065.npz,1,0
../TrackNet/event_data/Clip63|0078.npz,0,1
../TrackNet/event_data/Clip63|0103.npz,1,0
../TrackNet/event_data/Clip63|0109.npz,0,1
../TrackNet/event_data/Clip63|0144.npz,1,0
../TrackNet/event_data/Clip63|0149.npz,0,1
../TrackNet/event_data/Clip63|0179.npz,1,0
../TrackNet/event_data/Clip63|0188.npz,0,1
../TrackNet/event_data/Clip63|0215.npz,1,0
../TrackNet/event_data/Clip63|0230.npz,0,1
../TrackNet/event_data/Clip63|0249.npz,1,0
../TrackNet/event_data/Clip63|0264.npz,0,1
../TrackNet/event_data/Clip63|0281.npz,1,0
../TrackNet/event_data/Clip63|0289.npz,0,1
../TrackNet/event_data/Clip63|0310.npz,1,0
../TrackNet/event_data/Clip63|0316.npz,0,1
../TrackNet/event_data/Clip64|0015.npz,0,1
../TrackNet/event_data/Clip64|0023.npz,1,0
../TrackNet/event_data/Clip64|0036.npz,0,1
../TrackNet/event_data/Clip64|0068.npz,1,0
../TrackNet/event_data/Clip64|0084.npz,0,1
../TrackNet/event_data/Clip64|0119.npz,1,0
../TrackNet/event_data/Clip64|0126.npz,0,1
../TrackNet/event_data/Clip64|0147.npz,1,0
../TrackNet/event_data/Clip64|0154.npz,0,1
../TrackNet/event_data/Clip64|0180.npz,1,0
../TrackNet/event_data/Clip64|0185.npz,0,1
../TrackNet/event_data/Clip65|0019.npz,0,1
../TrackNet/event_data/Clip65|0034.npz,1,0
../TrackNet/event_data/Clip65|0043.npz,0,1
../TrackNet/event_data/Clip65|0071.npz,1,0
../TrackNet/event_data/Clip65|0086.npz,0,1
../TrackNet/event_data/Clip65|0117.npz,1,0
../TrackNet/event_data/Clip66|0010.npz,0,1
../TrackNet/event_data/Clip66|0021.npz,1,0
../TrackNet/event_data/Clip66|0036.npz,0,1
../TrackNet/event_data/Clip66|0059.npz,1,0
../TrackNet/event_data/Clip66|0071.npz,0,1
../TrackNet/event_data/Clip66|0091.npz,1,0
../TrackNet/event_data/Clip66|0099.npz,0,1
../TrackNet/event_data/Clip66|0127.npz,1,0
../TrackNet/event_data/Clip66|0134.npz,0,1
../TrackNet/event_data/Clip66|0168.npz,1,0
../TrackNet/event_data/Clip66|0177.npz,0,1
../TrackNet/event_data/Clip66|0211.npz,1,0
../TrackNet/event_data/Clip66|0218.npz,0,1
../TrackNet/event_data/Clip66|0245.npz,1,0
../TrackNet/event_data/Clip66|0259.npz,0,1
../TrackNet/event_data/Clip67|0006.npz,0,1
../TrackNet/event_data/Clip67|0024.npz,1,0
../TrackNet/event_data/Clip67|0037.npz,0,1
../TrackNet/event_data/Clip67|0062.npz,1,0
../TrackNet/event_data/Clip67|0074.npz,0,1
../TrackNet/event_data/Clip67|0099.npz,1,0
../TrackNet/event_data/Clip67|0106.npz,0,1
../TrackNet/event_data/Clip67|0136.npz,1,0
../TrackNet/event_data/Clip67|0150.npz,0,1
../TrackNet/event_data/Clip68|0013.npz,0,1
../TrackNet/event_data/Clip68|0025.npz,1,0
../TrackNet/event_data/Clip68|0036.npz,0,1
../TrackNet/event_data/Clip68|0079.npz,1,0
../TrackNet/event_data/Clip68|0088.npz,0,1
../TrackNet/event_data/Clip69|0009.npz,0,1
../TrackNet/event_data/Clip69|0021.npz,1,0
../TrackNet/event_data/Clip69|0033.npz,0,1
../TrackNet/event_data/Clip69|0056.npz,1,0
../TrackNet/event_data/Clip69|0066.npz,0,1
../TrackNet/event_data/Clip69|0095.npz,1,0
../TrackNet/event_data/Clip69|0102.npz,0,1
../TrackNet/event_data/Clip69|0133.npz,1,0
../TrackNet/event_data/Clip69|0142.npz,0,1
../TrackNet/event_data/Clip69|0171.npz,1,0
../TrackNet/event_data/Clip69|0183.npz,0,1
../TrackNet/event_data/Clip69|0214.npz,1,0
../TrackNet/event_data/Clip69|0224.npz,0,1
../TrackNet/event_data/Clip69|0239.npz,1,0
../TrackNet/event_data/Clip70|0014.npz,0,1
../TrackNet/event_data/Clip70|0024.npz,1,0
../TrackNet/event_data/Clip70|0038.npz,0,1
../TrackNet/event_data/Clip70|0062.npz,1,0
../TrackNet/event_data/Clip70|0071.npz,0,1
../TrackNet/event_data/Clip70|0093.npz,1,0
../TrackNet/event_data/Clip70|0106.npz,0,1
../TrackNet/event_data/Clip70|0128.npz,1,0
../TrackNet/event_data/Clip70|0143.npz,0,1
../TrackNet/event_data/Clip70|0171.npz,1,0
../TrackNet/event_data/Clip70|0185.npz,0,1
../TrackNet/event_data/Clip71|0020.npz,0,1
../TrackNet/event_data/Clip71|0033.npz,1,0
../TrackNet/event_data/Clip71|0044.npz,0,1
../TrackNet/event_data/Clip71|0071.npz,1,0
../TrackNet/event_data/Clip71|0086.npz,0,1
../TrackNet/event_data/Clip71|0113.npz,1,0
../TrackNet/event_data/Clip71|0125.npz,0,1
../TrackNet/event_data/Clip71|0159.npz,1,0
../TrackNet/event_data/Clip71|0171.npz,0,1
../TrackNet/event_data/Clip71|0198.npz,1,0
../TrackNet/event_data/Clip71|0205.npz,0,1
../TrackNet/event_data/Clip71|0224.npz,1,0
../TrackNet/event_data/Clip71|0233.npz,0,1
../TrackNet/event_data/Clip71|0250.npz,1,0
../TrackNet/event_data/Clip71|0256.npz,0,1
../TrackNet/event_data/Clip71|0275.npz,1,0
../TrackNet/event_data/Clip72|0007.npz,0,1
../TrackNet/event_data/Clip72|0021.npz,1,0
../TrackNet/event_data/Clip72|0035.npz,0,1
../TrackNet/event_data/Clip72|0062.npz,1,0
../TrackNet/event_data/Clip72|0072.npz,0,1
../TrackNet/event_data/Clip72|0102.npz,1,0
../TrackNet/event_data/Clip72|0115.npz,0,1
../TrackNet/event_data/Clip72|0143.npz,1,0
../TrackNet/event_data/Clip72|0148.npz,0,1
../TrackNet/event_data/Clip72|0170.npz,1,0
../TrackNet/event_data/Clip72|0180.npz,0,1
../TrackNet/event_data/Clip72|0202.npz,1,0
../TrackNet/event_data/Clip73|0010.npz,0,1
../TrackNet/event_data/Clip73|0021.npz,1,0
../TrackNet/event_data/Clip73|0035.npz,0,1
../TrackNet/event_data/Clip73|0056.npz,1,0
../TrackNet/event_data/Clip73|0065.npz,0,1
../TrackNet/event_data/Clip73|0091.npz,1,0
../TrackNet/event_data/Clip73|0098.npz,0,1
../TrackNet/event_data/Clip73|0127.npz,1,0
../TrackNet/event_data/Clip73|0137.npz,0,1
../TrackNet/event_data/Clip73|0161.npz,1,0
../TrackNet/event_data/Clip73|0167.npz,0,1
../TrackNet/event_data/Clip73|0184.npz,0,1
../TrackNet/event_data/Clip74|0008.npz,0,1
../TrackNet/event_data/Clip74|0021.npz,1,0
../TrackNet/event_data/Clip74|0035.npz,0,1
../TrackNet/event_data/Clip74|0055.npz,1,0
../TrackNet/event_data/Clip74|0066.npz,0,1
../TrackNet/event_data/Clip74|0090.npz,1,0
../TrackNet/event_data/Clip74|0097.npz,0,1
../TrackNet/event_data/Clip74|0133.npz,1,0
../TrackNet/event_data/Clip74|0143.npz,0,1
../TrackNet/event_data/Clip75|0021.npz,0,1
../TrackNet/event_data/Clip75|0033.npz,1,0
../TrackNet/event_data/Clip75|0046.npz,0,1
../TrackNet/event_data/Clip75|0065.npz,1,0
../TrackNet/event_data/Clip75|0082.npz,0,1
../TrackNet/event_data/Clip76|0016.npz,0,1
../TrackNet/event_data/Clip76|0026.npz,1,0
../TrackNet/event_data/Clip76|0038.npz,0,1
../TrackNet/event_data/Clip76|0075.npz,1,0
../TrackNet/event_data/Clip76|0085.npz,0,1
../TrackNet/event_data/Clip76|0119.npz,1,0
../TrackNet/event_data/Clip76|0128.npz,0,1
../TrackNet/event_data/Clip76|0150.npz,1,0
../TrackNet/event_data/Clip76|0165.npz,0,1
../TrackNet/event_data/Clip76|0192.npz,1,0
../TrackNet/event_data/Clip76|0197.npz,0,1
../TrackNet/event_data/Clip77|0007.npz,0,1
../TrackNet/event_data/Clip77|0024.npz,1,0
../TrackNet/event_data/Clip77|0032.npz,0,1
../TrackNet/event_data/Clip77|0060.npz,1,0
../TrackNet/event_data/Clip77|0067.npz,0,1
../TrackNet/event_data/Clip78|0007.npz,0,1
../TrackNet/event_data/Clip78|0021.npz,1,0
../TrackNet/event_data/Clip78|0033.npz,0,1
../TrackNet/event_data/Clip78|0061.npz,1,0
../TrackNet/event_data/Clip78|0070.npz,0,1
../TrackNet/event_data/Clip78|0098.npz,1,0
../TrackNet/event_data/Clip78|0107.npz,0,1
../TrackNet/event_data/Clip78|0123.npz,0,1
../TrackNet/event_data/Clip79|0016.npz,0,1
../TrackNet/event_data/Clip79|0031.npz,1,0
../TrackNet/event_data/Clip79|0043.npz,0,1
../TrackNet/event_data/Clip79|0059.npz,0,1
../TrackNet/event_data/Clip80|0007.npz,0,1
../TrackNet/event_data/Clip80|0021.npz,1,0
../TrackNet/event_data/Clip80|0035.npz,0,1
../TrackNet/event_data/Clip80|0057.npz,1,0
../TrackNet/event_data/Clip80|0069.npz,0,1
../TrackNet/event_data/Clip80|0088.npz,1,0
../TrackNet/event_data/Clip80|0101.npz,0,1
../TrackNet/event_data/Clip80|0123.npz,1,0
../TrackNet/event_data/Clip81|0010.npz,0,1
../TrackNet/event_data/Clip81|0021.npz,1,0
../TrackNet/event_data/Clip81|0034.npz,0,1
../TrackNet/event_data/Clip81|0061.npz,1,0
../TrackNet/event_data/Clip81|0072.npz,0,1
../TrackNet/event_data/Clip81|0099.npz,1,0
../TrackNet/event_data/Clip81|0106.npz,0,1
../TrackNet/event_data/Clip81|0149.npz,1,0
../TrackNet/event_data/Clip81|0160.npz,0,1
../TrackNet/event_data/Clip81|0192.npz,1,0
../TrackNet/event_data/Clip81|0199.npz,0,1
../TrackNet/event_data/Clip82|0014.npz,0,1
../TrackNet/event_data/Clip82|0033.npz,1,0
../TrackNet/event_data/Clip82|0040.npz,0,1
../TrackNet/event_data/Clip82|0070.npz,1,0
../TrackNet/event_data/Clip82|0082.npz,0,1
../TrackNet/event_data/Clip82|0111.npz,1,0
../TrackNet/event_data/Clip82|0125.npz,0,1
../TrackNet/event_data/Clip82|0153.npz,1,0
../TrackNet/event_data/Clip82|0162.npz,0,1
../TrackNet/event_data/Clip82|0180.npz,0,1
../TrackNet/event_data/Clip83|0016.npz,0,1
../TrackNet/event_data/Clip83|0027.npz,1,0
../TrackNet/event_data/Clip83|0040.npz,0,1
../TrackNet/event_data/Clip83|0064.npz,1,0
../TrackNet/event_data/Clip83|0075.npz,0,1
../TrackNet/event_data/Clip83|0099.npz,1,0
../TrackNet/event_data/Clip83|0112.npz,0,1
../TrackNet/event_data/Clip83|0148.npz,1,0
../TrackNet/event_data/Clip83|0156.npz,0,1
../TrackNet/event_data/Clip83|0190.npz,1,0
../TrackNet/event_data/Clip83|0199.npz,0,1
../TrackNet/event_data/Clip83|0218.npz,1,0
../TrackNet/event_data/Clip83|0227.npz,0,1
../TrackNet/event_data/Clip83|0248.npz,1,0
../TrackNet/event_data/Clip84|0010.npz,0,1
../TrackNet/event_data/Clip84|0021.npz,1,0
../TrackNet/event_data/Clip84|0034.npz,0,1
../TrackNet/event_data/Clip84|0064.npz,1,0
../TrackNet/event_data/Clip84|0071.npz,0,1
../TrackNet/event_data/Clip84|0103.npz,1,0
../TrackNet/event_data/Clip84|0112.npz,0,1
../TrackNet/event_data/Clip84|0143.npz,1,0
../TrackNet/event_data/Clip84|0159.npz,0,1
../TrackNet/event_data/Clip85|0021.npz,0,1
../TrackNet/event_data/Clip85|0037.npz,1,0
../TrackNet/event_data/Clip85|0046.npz,0,1
../TrackNet/event_data/Clip85|0072.npz,1,0
../TrackNet/event_data/Clip85|0082.npz,0,1
../TrackNet/event_data/Clip85|0112.npz,1,0
../TrackNet/event_data/Clip85|0122.npz,0,1
../TrackNet/event_data/Clip85|0148.npz,1,0
../TrackNet/event_data/Clip85|0160.npz,0,1
../TrackNet/event_data/Clip85|0182.npz,1,0
../TrackNet/event_data/Clip86|0007.npz,0,1
../TrackNet/event_data/Clip86|0023.npz,1,0
../TrackNet/event_data/Clip86|0032.npz,0,1
../TrackNet/event_data/Clip86|0059.npz,1,0
../TrackNet/event_data/Clip86|0068.npz,0,1
../TrackNet/event_data/Clip86|0097.npz,1,0
../TrackNet/event_data/Clip86|0107.npz,0,1
../TrackNet/event_data/Clip86|0136.npz,1,0
../TrackNet/event_data/Clip86|0146.npz,0,1
../TrackNet/event_data/Clip86|0169.npz,1,0
../TrackNet/event_data/Clip86|0174.npz,0,1
../TrackNet/event_data/Clip86|0193.npz,1,0
../TrackNet/event_data/Clip87|0007.npz,0,1
../TrackNet/event_data/Clip87|0022.npz,1,0
../TrackNet/event_data/Clip87|0032.npz,0,1
../TrackNet/event_data/Clip87|0057.npz,1,0
../TrackNet/event_data/Clip87|0073.npz,0,1
../TrackNet/event_data/Clip87|0096.npz,0,1
../TrackNet/event_data/Clip87|0106.npz,0,1
../TrackNet/event_data/Clip87|0138.npz,1,0
../TrackNet/event_data/Clip87|0151.npz,0,1
../TrackNet/event_data/Clip87|0175.npz,1,0
../TrackNet/event_data/Clip87|0188.npz,0,1
../TrackNet/event_data/Clip87|0221.npz,0,1
../TrackNet/event_data/Clip88|0018.npz,0,1
../TrackNet/event_data/Clip88|0031.npz,1,0
../TrackNet/event_data/Clip88|0040.npz,0,1
../TrackNet/event_data/Clip88|0074.npz,1,0
../TrackNet/event_data/Clip88|0092.npz,0,1
../TrackNet/event_data/Clip88|0122.npz,1,0
../TrackNet/event_data/Clip88|0167.npz,1,0
../TrackNet/event_data/Clip88|0178.npz,0,1
../TrackNet/event_data/Clip89|0007.npz,0,1
../TrackNet/event_data/Clip89|0024.npz,1,0
../TrackNet/event_data/Clip89|0034.npz,0,1
../TrackNet/event_data/Clip89|0058.npz,1,0
../TrackNet/event_data/Clip89|0065.npz,0,1
../TrackNet/event_data/Clip89|0093.npz,1,0
../TrackNet/event_data/Clip89|0103.npz,0,1
../TrackNet/event_data/Clip89|0138.npz,1,0
../TrackNet/event_data/Clip89|0175.npz,1,0
../TrackNet/event_data/Clip89|0188.npz,0,1
../TrackNet/event_data/Clip90|0008.npz,0,1
../TrackNet/event_data/Clip90|0021.npz,1,0
../TrackNet/event_data/Clip90|0030.npz,0,1
../TrackNet/event_data/Clip90|0064.npz,0,1
../TrackNet/event_data/Clip91|0018.npz,0,1
../TrackNet/event_data/Clip91|0032.npz,1,0
../TrackNet/event_data/Clip91|0044.npz,0,1
../TrackNet/event_data/Clip92|0022.npz,0,1
../TrackNet/event_data/Clip92|0035.npz,1,0
../TrackNet/event_data/Clip92|0047.npz,0,1
../TrackNet/event_data/Clip92|0073.npz,1,0
../TrackNet/event_data/Clip92|0082.npz,0,1
../TrackNet/event_data/Clip92|0109.npz,1,0
../TrackNet/event_data/Clip92|0121.npz,0,1
../TrackNet/event_data/Clip92|0150.npz,1,0
../TrackNet/event_data/Clip92|0155.npz,0,1
../TrackNet/event_data/Clip93|0006.npz,0,1
../TrackNet/event_data/Clip93|0021.npz,1,0
../TrackNet/event_data/Clip93|0033.npz,0,1
../TrackNet/event_data/Clip94|0010.npz,0,1
../TrackNet/event_data/Clip94|0020.npz,1,0
../TrackNet/event_data/Clip94|0032.npz,0,1
../TrackNet/event_data/Clip94|0055.npz,1,0
../TrackNet/event_data/Clip94|0063.npz,0,1
../TrackNet/event_data/Clip94|0089.npz,1,0
../TrackNet/event_data/Clip94|0097.npz,0,1
../TrackNet/event_data/Clip94|0131.npz,1,0
../TrackNet/event_data/Clip94|0139.npz,0,1
../TrackNet/event_data/Clip94|0165.npz,1,0
../TrackNet/event_data/Clip94|0178.npz,0,1
../TrackNet/event_data/Clip94|0204.npz,0,1
../TrackNet/event_data/Clip95|0019.npz,0,1
../TrackNet/event_data/Clip95|0033.npz,1,0
../TrackNet/event_data/Clip95|0044.npz,0,1
../TrackNet/event_data/Clip95|0071.npz,1,0
../TrackNet/event_data/Clip95|0081.npz,0,1
../TrackNet/event_data/Clip95|0121.npz,1,0
../TrackNet/event_data/Clip95|0133.npz,0,1
../TrackNet/event_data/Clip95|0153.npz,1,0
../TrackNet/event_data/Clip95|0162.npz,0,1
../TrackNet/event_data/Clip95|0191.npz,1,0
../TrackNet/event_data/Clip95|0199.npz,0,1
../TrackNet/event_data/Clip96|0017.npz,0,1
../TrackNet/event_data/Clip96|0027.npz,1,0
../TrackNet/event_data/Clip96|0038.npz,0,1
../TrackNet/event_data/Clip96|0061.npz,1,0
../TrackNet/event_data/Clip96|0069.npz,0,1
../TrackNet/event_data/Clip97|0006.npz,0,1
../TrackNet/event_data/Clip97|0022.npz,1,0
../TrackNet/event_data/Clip97|0034.npz,0,1
../TrackNet/event_data/Clip97|0060.npz,1,0
../TrackNet/event_data/Clip97|0070.npz,0,1
../TrackNet/event_data/Clip97|0090.npz,1,0
../TrackNet/event_data/Clip97|0098.npz,0,1
../TrackNet/event_data/Clip97|0128.npz,1,0
../TrackNet/event_data/Clip97|0138.npz,0,1
../TrackNet/event_data/Clip97|0161.npz,1,0
../TrackNet/event_data/Clip97|0172.npz,0,1
../TrackNet/event_data/Clip98|0010.npz,0,1
../TrackNet/event_data/Clip98|0024.npz,1,0
../TrackNet/event_data/Clip98|0036.npz,0,1
../TrackNet/event_data/Clip98|0065.npz,1,0
../TrackNet/event_data/Clip98|0075.npz,0,1
../TrackNet/event_data/Clip99|0014.npz,0,1
../TrackNet/event_data/Clip99|0026.npz,1,0
../TrackNet/event_data/Clip99|0036.npz,0,1
../TrackNet/event_data/Clip99|0059.npz,1,0
../TrackNet/event_data/Clip99|0066.npz,0,1
../TrackNet/event_data/Clip100|0015.npz,0,1
../TrackNet/event_data/Clip100|0025.npz,1,0
../TrackNet/event_data/Clip100|0036.npz,0,1
../TrackNet/event_data/Clip100|0065.npz,1,0
../TrackNet/event_data/Clip100|0073.npz,0,1
../TrackNet/event_data/Clip100|0107.npz,1,0
../TrackNet/event_data/Clip100|0118.npz,0,1
../TrackNet/event_data/Clip100|0141.npz,1,0
../TrackNet/event_data/Clip101|0008.npz,0,1
../TrackNet/event_data/Clip101|0023.npz,1,0
../TrackNet/event_data/Clip101|0034.npz,0,1
../TrackNet/event_data/Clip101|0060.npz,1,0
../TrackNet/event_data/Clip101|0066.npz,0,1
../TrackNet/event_data/Clip101|0089.npz,0,1
../TrackNet/event_data/Clip102|0008.npz,0,1
../TrackNet/event_data/Clip102|0021.npz,1,0
../TrackNet/event_data/Clip102|0034.npz,0,1
../TrackNet/event_data/Clip102|0056.npz,1,0
../TrackNet/event_data/Clip102|0067.npz,0,1
../TrackNet/event_data/Clip102|0089.npz,1,0
../TrackNet/event_data/Clip102|0099.npz,0,1
../TrackNet/event_data/Clip102|0122.npz,1,0
../TrackNet/event_data/Clip103|0020.npz,0,1
../TrackNet/event_data/Clip103|0031.npz,1,0
../TrackNet/event_data/Clip103|0044.npz,0,1
../TrackNet/event_data/Clip103|0072.npz,1,0
../TrackNet/event_data/Clip103|0085.npz,0,1
../TrackNet/event_data/Clip103|0119.npz,1,0
../TrackNet/event_data/Clip103|0126.npz,0,1
../TrackNet/event_data/Clip104|0019.npz,0,1
../TrackNet/event_data/Clip104|0034.npz,1,0
../TrackNet/event_data/Clip104|0042.npz,0,1
../TrackNet/event_data/Clip104|0068.npz,1,0
../TrackNet/event_data/Clip104|0081.npz,0,1
../TrackNet/event_data/Clip104|0112.npz,1,0
../TrackNet/event_data/Clip104|0124.npz,0,1
../TrackNet/event_data/Clip104|0149.npz,1,0
../TrackNet/event_data/Clip104|0156.npz,0,1
../TrackNet/event_data/Clip104|0186.npz,1,0
../TrackNet/event_data/Clip104|0195.npz,0,1
../TrackNet/event_data/Clip105|0020.npz,0,1
../TrackNet/event_data/Clip105|0040.npz,1,0
../TrackNet/event_data/Clip105|0051.npz,0,1
../TrackNet/event_data/Clip105|0082.npz,1,0
../TrackNet/event_data/Clip105|0089.npz,0,1
../TrackNet/event_data/Clip105|0117.npz,1,0
../TrackNet/event_data/Clip105|0126.npz,0,1
../TrackNet/event_data/Clip105|0152.npz,1,0
../TrackNet/event_data/Clip105|0162.npz,0,1
../TrackNet/event_data/Clip106|0017.npz,0,1
../TrackNet/event_data/Clip106|0038.npz,1,0
../TrackNet/event_data/Clip106|0047.npz,0,1
../TrackNet/event_data/Clip106|0079.npz,1,0
../TrackNet/event_data/Clip106|0091.npz,0,1
../TrackNet/event_data/Clip106|0116.npz,1,0
../TrackNet/event_data/Clip106|0128.npz,0,1
../TrackNet/event_data/Clip106|0148.npz,1,0
../TrackNet/event_data/Clip106|0156.npz,0,1
../TrackNet/event_data/Clip106|0184.npz,1,0
../TrackNet/event_data/Clip106|0197.npz,0,1
../TrackNet/event_data/Clip107|0017.npz,0,1
../TrackNet/event_data/Clip107|0032.npz,1,0
../TrackNet/event_data/Clip107|0042.npz,0,1
../TrackNet/event_data/Clip107|0068.npz,1,0
../TrackNet/event_data/Clip107|0080.npz,0,1
../TrackNet/event_data/Clip108|0025.npz,0,1
../TrackNet/event_data/Clip108|0041.npz,1,0
../TrackNet/event_data/Clip108|0052.npz,0,1
../TrackNet/event_data/Clip108|0080.npz,1,0
../TrackNet/event_data/Clip108|0086.npz,0,1
../TrackNet/event_data/Clip109|0016.npz,0,1
../TrackNet/event_data/Clip109|0032.npz,1,0
../TrackNet/event_data/Clip109|0043.npz,0,1
../TrackNet/event_data/Clip109|0070.npz,1,0
../TrackNet/event_data/Clip109|0083.npz,0,1
../TrackNet/event_data/Clip109|0121.npz,1,0
../TrackNet/event_data/Clip109|0125.npz,0,1
../TrackNet/event_data/Clip109|0165.npz,1,0
../TrackNet/event_data/Clip109|0175.npz,0,1
../TrackNet/event_data/Clip109|0198.npz,1,0
../TrackNet/event_data/Clip109|0206.npz,0,1
../TrackNet/event_data/Clip109|0229.npz,1,0
../TrackNet/event_data/Clip109|0240.npz,0,1
../TrackNet/event_data/Clip109|0259.npz,1,0
../TrackNet/event_data/Clip109|0270.npz,0,1
../TrackNet/event_data/Clip109|0290.npz,1,0
../TrackNet/event_data/Clip109|0300.npz,0,1
../TrackNet/event_data/Clip110|0015.npz,0,1
../TrackNet/event_data/Clip110|0042.npz,1,0
../TrackNet/event_data/Clip110|0048.npz,0,1
../TrackNet/event_data/Clip110|0079.npz,1,0
../TrackNet/event_data/Clip110|0085.npz,0,1
../TrackNet/event_data/Clip110|0116.npz,1,0
../TrackNet/event_data/Clip110|0129.npz,0,1
../TrackNet/event_data/Clip111|0007.npz,0,1
../TrackNet/event_data/Clip111|0016.npz,1,0
../TrackNet/event_data/Clip111|0031.npz,0,1
../TrackNet/event_data/Clip111|0062.npz,1,0
../TrackNet/event_data/Clip111|0071.npz,0,1
../TrackNet/event_data/Clip112|0019.npz,0,1
../TrackNet/event_data/Clip112|0034.npz,1,0
../TrackNet/event_data/Clip112|0046.npz,0,1
../TrackNet/event_data/Clip113|0009.npz,0,1
../TrackNet/event_data/Clip113|0019.npz,1,0
../TrackNet/event_data/Clip113|0032.npz,0,1
../TrackNet/event_data/Clip113|0063.npz,1,0
../TrackNet/event_data/Clip113|0071.npz,0,1
../TrackNet/event_data/Clip113|0100.npz,1,0
../TrackNet/event_data/Clip113|0113.npz,0,1
../TrackNet/event_data/Clip114|0007.npz,0,1
../TrackNet/event_data/Clip114|0022.npz,1,0
../TrackNet/event_data/Clip114|0032.npz,0,1
../TrackNet/event_data/Clip114|0064.npz,1,0
../TrackNet/event_data/Clip114|0086.npz,0,1
../TrackNet/event_data/Clip114|0115.npz,1,0
../TrackNet/event_data/Clip114|0119.npz,0,1
../TrackNet/event_data/Clip115|0020.npz,0,1
../TrackNet/event_data/Clip115|0034.npz,1,0
../TrackNet/event_data/Clip115|0047.npz,0,1
../TrackNet/event_data/Clip115|0074.npz,1,0
../TrackNet/event_data/Clip115|0081.npz,0,1
../TrackNet/event_data/Clip115|0110.npz,1,0
../TrackNet/event_data/Clip115|0119.npz,0,1
../TrackNet/event_data/Clip116|0007.npz,0,1
../TrackNet/event_data/Clip116|0025.npz,1,0
../TrackNet/event_data/Clip116|0033.npz,0,1
../TrackNet/event_data/Clip116|0064.npz,1,0
../TrackNet/event_data/Clip116|0074.npz,0,1
../TrackNet/event_data/Clip116|0104.npz,1,0
../TrackNet/event_data/Clip116|0111.npz,0,1
../TrackNet/event_data/Clip117|0020.npz,0,1
../TrackNet/event_data/Clip117|0034.npz,1,0
../TrackNet/event_data/Clip117|0046.npz,0,1
../TrackNet/event_data/Clip117|0065.npz,1,0
../TrackNet/event_data/Clip117|0075.npz,0,1
../TrackNet/event_data/Clip117|0099.npz,1,0
../TrackNet/event_data/Clip117|0108.npz,0,1
../TrackNet/event_data/Clip117|0134.npz,0,1
../TrackNet/event_data/Clip118|0018.npz,0,1
../TrackNet/event_data/Clip118|0034.npz,1,0
../TrackNet/event_data/Clip118|0044.npz,0,1
../TrackNet/event_data/Clip118|0068.npz,1,0
../TrackNet/event_data/Clip118|0076.npz,0,1
../TrackNet/event_data/Clip118|0105.npz,0,1
../TrackNet/event_data/Clip119|0009.npz,0,1
../TrackNet/event_data/Clip119|0019.npz,1,0
../TrackNet/event_data/Clip119|0034.npz,0,1
../TrackNet/event_data/Clip119|0059.npz,1,0
../TrackNet/event_data/Clip119|0068.npz,0,1
../TrackNet/event_data/Clip119|0092.npz,1,0
../TrackNet/event_data/Clip119|0101.npz,0,1
../TrackNet/event_data/Clip119|0141.npz,1,0
../TrackNet/event_data/Clip119|0153.npz,0,1
../TrackNet/event_data/Clip119|0180.npz,1,0
../TrackNet/event_data/Clip119|0192.npz,0,1
../TrackNet/event_data/Clip119|0220.npz,1,0
../TrackNet/event_data/Clip119|0228.npz,0,1
../TrackNet/event_data/Clip119|0261.npz,1,0
../TrackNet/event_data/Clip119|0274.npz,0,1
../TrackNet/event_data/Clip119|0300.npz,1,0
../TrackNet/event_data/Clip119|0312.npz,0,1
../TrackNet/event_data/Clip119|0335.npz,0,1
../TrackNet/event_data/Clip120|0024.npz,0,1
../TrackNet/event_data/Clip120|0041.npz,1,0
../TrackNet/event_data/Clip120|0052.npz,0,1
../TrackNet/event_data/Clip120|0078.npz,1,0
../TrackNet/event_data/Clip120|0092.npz,0,1
../TrackNet/event_data/Clip121|0005.npz,0,1
../TrackNet/event_data/Clip121|0017.npz,1,0
../TrackNet/event_data/Clip121|0027.npz,0,1
../TrackNet/event_data/Clip121|0054.npz,1,0
../TrackNet/event_data/Clip121|0059.npz,0,1
../TrackNet/event_data/Clip121|0096.npz,1,0
../TrackNet/event_data/Clip121|0103.npz,0,1
../TrackNet/event_data/Clip121|0127.npz,0,1
../TrackNet/event_data/Clip122|0020.npz,0,1
../TrackNet/event_data/Clip122|0033.npz,1,0
../TrackNet/event_data/Clip122|0043.npz,0,1
../TrackNet/event_data/Clip122|0072.npz,1,0
../TrackNet/event_data/Clip122|0081.npz,0,1
../TrackNet/event_data/Clip122|0103.npz,1,0
../TrackNet/event_data/Clip122|0113.npz,0,1
../TrackNet/event_data/Clip122|0144.npz,1,0
../TrackNet/event_data/Clip122|0156.npz,0,1
../TrackNet/event_data/Clip122|0178.npz,1,0
../TrackNet/event_data/Clip123|0021.npz,0,1
../TrackNet/event_data/Clip123|0039.npz,1,0
../TrackNet/event_data/Clip123|0050.npz,0,1
../TrackNet/event_data/Clip123|0073.npz,1,0
../TrackNet/event_data/Clip123|0084.npz,0,1
../TrackNet/event_data/Clip124|0011.npz,0,1
../TrackNet/event_data/Clip124|0021.npz,1,0
../TrackNet/event_data/Clip124|0036.npz,0,1
../TrackNet/event_data/Clip124|0060.npz,1,0
../TrackNet/event_data/Clip124|0070.npz,0,1
../TrackNet/event_data/Clip124|0094.npz,1,0
../TrackNet/event_data/Clip124|0104.npz,0,1
../TrackNet/event_data/Clip124|0132.npz,1,0
../TrackNet/event_data/Clip124|0141.npz,0,1
../TrackNet/event_data/Clip124|0175.npz,1,0
../TrackNet/event_data/Clip124|0184.npz,0,1
../TrackNet/event_data/Clip124|0201.npz,1,0
../TrackNet/event_data/Clip124|0213.npz,0,1
../TrackNet/event_data/Clip125|0022.npz,0,1
../TrackNet/event_data/Clip125|0040.npz,1,0
../TrackNet/event_data/Clip125|0049.npz,0,1
../TrackNet/event_data/Clip125|0074.npz,1,0
../TrackNet/event_data/Clip125|0090.npz,0,1
../TrackNet/event_data/Clip125|0132.npz,1,0
../TrackNet/event_data/Clip125|0140.npz,0,1
../TrackNet/event_data/Clip125|0175.npz,1,0
../TrackNet/event_data/Clip125|0183.npz,0,1
../TrackNet/event_data/Clip125|0220.npz,1,0
../TrackNet/event_data/Clip125|0232.npz,0,1
../TrackNet/event_data/Clip125|0262.npz,1,0
../TrackNet/event_data/Clip125|0269.npz,0,1
../TrackNet/event_data/Clip125|0298.npz,1,0
../TrackNet/event_data/Clip125|0305.npz,0,1
../TrackNet/event_data/Clip125|0326.npz,1,0
../TrackNet/event_data/Clip125|0332.npz,0,1
../TrackNet/event_data/Clip125|0358.npz,1,0
../TrackNet/event_data/Clip126|0006.npz,0,1
../TrackNet/event_data/Clip126|0028.npz,1,0
../TrackNet/event_data/Clip126|0038.npz,0,1
../TrackNet/event_data/Clip126|0074.npz,1,0
../TrackNet/event_data/Clip126|0086.npz,0,1
../TrackNet/event_data/Clip126|0112.npz,1,0
../TrackNet/event_data/Clip126|0124.npz,0,1
../TrackNet/event_data/Clip126|0160.npz,1,0
../TrackNet/event_data/Clip126|0170.npz,0,1
../TrackNet/event_data/Clip126|0201.npz,1,0
../TrackNet/event_data/Clip126|0214.npz,0,1
../TrackNet/event_data/Clip126|0231.npz,0,1
../TrackNet/event_data/Clip126|0237.npz,1,0
../TrackNet/event_data/Clip127|0029.npz,0,1
../TrackNet/event_data/Clip127|0039.npz,1,0
../TrackNet/event_data/Clip127|0052.npz,0,1
../TrackNet/event_data/Clip127|0076.npz,1,0
../TrackNet/event_data/Clip127|0087.npz,0,1
../TrackNet/event_data/Clip127|0113.npz,1,0
../TrackNet/event_data/Clip127|0121.npz,0,1
../TrackNet/event_data/Clip127|0153.npz,1,0
../TrackNet/event_data/Clip128|0020.npz,0,1
../TrackNet/event_data/Clip128|0035.npz,1,0
../TrackNet/event_data/Clip128|0047.npz,0,1
../TrackNet/event_data/Clip128|0072.npz,1,0
../TrackNet/event_data/Clip128|0086.npz,0,1
../TrackNet/event_data/Clip128|0109.npz,1,0
../TrackNet/event_data/Clip128|0124.npz,0,1
../TrackNet/event_data/Clip128|0151.npz,1,0
../TrackNet/event_data/Clip128|0158.npz,0,1
../TrackNet/event_data/Clip128|0193.npz,1,0
../TrackNet/event_data/Clip128|0207.npz,0,1
../TrackNet/event_data/Clip128|0235.npz,1,0
../TrackNet/event_data/Clip129|0009.npz,0,1
../TrackNet/event_data/Clip129|0024.npz,1,0
../TrackNet/event_data/Clip129|0035.npz,0,1
../TrackNet/event_data/Clip129|0067.npz,1,0
../TrackNet/event_data/Clip129|0077.npz,0,1
../TrackNet/event_data/Clip129|0101.npz,1,0
../TrackNet/event_data/Clip129|0108.npz,0,1
../TrackNet/event_data/Clip129|0146.npz,1,0
../TrackNet/event_data/Clip129|0158.npz,0,1
../TrackNet/event_data/Clip129|0186.npz,1,0
../TrackNet/event_data/Clip130|0020.npz,0,1
../TrackNet/event_data/Clip130|0038.npz,1,0
../TrackNet/event_data/Clip130|0047.npz,0,1
../TrackNet/event_data/Clip130|0076.npz,1,0
../TrackNet/event_data/Clip130|0087.npz,0,1
../TrackNet/event_data/Clip130|0114.npz,1,0
../TrackNet/event_data/Clip130|0123.npz,0,1
../TrackNet/event_data/Clip130|0152.npz,1,0
../TrackNet/event_data/Clip130|0164.npz,0,1
../TrackNet/event_data/Clip130|0184.npz,1,0
../TrackNet/event_data/Clip131|0021.npz,0,1
../TrackNet/event_data/Clip131|0045.npz,1,0
../TrackNet/event_data/Clip131|0053.npz,0,1
../TrackNet/event_data/Clip131|0085.npz,1,0
../TrackNet/event_data/Clip131|0099.npz,0,1
../TrackNet/event_data/Clip131|0121.npz,1,0
../TrackNet/event_data/Clip132|0015.npz,0,1
../TrackNet/event_data/Clip132|0034.npz,1,0
../TrackNet/event_data/Clip132|0042.npz,0,1
../TrackNet/event_data/Clip132|0075.npz,1,0
../TrackNet/event_data/Clip132|0086.npz,0,1
../TrackNet/event_data/Clip132|0109.npz,1,0
../TrackNet/event_data/Clip132|0121.npz,0,1
../TrackNet/event_data/Clip132|0145.npz,1,0
../TrackNet/event_data/Clip132|0152.npz,0,1
../TrackNet/event_data/Clip132|0189.npz,1,0
../TrackNet/event_data/Clip133|0023.npz,0,1
../TrackNet/event_data/Clip133|0033.npz,1,0
../TrackNet/event_data/Clip133|0046.npz,0,1
../TrackNet/event_data/Clip133|0071.npz,1,0
../TrackNet/event_data/Clip133|0079.npz,0,1
../TrackNet/event_data/Clip133|0104.npz,1,0
../TrackNet/event_data/Clip133|0121.npz,0,1
../TrackNet/event_data/Clip133|0153.npz,1,0
../TrackNet/event_data/Clip133|0189.npz,1,0
../TrackNet/event_data/Clip134|0018.npz,0,1
../TrackNet/event_data/Clip134|0034.npz,1,0
../TrackNet/event_data/Clip134|0045.npz,0,1
../TrackNet/event_data/Clip134|0068.npz,1,0
../TrackNet/event_data/Clip134|0083.npz,0,1
../TrackNet/event_data/Clip134|0110.npz,1,0
../TrackNet/event_data/Clip134|0125.npz,0,1
../TrackNet/event_data/Clip134|0153.npz,1,0
../TrackNet/event_data/Clip134|0166.npz,0,1
../TrackNet/event_data/Clip134|0197.npz,1,0
../TrackNet/event_data/Clip135|0020.npz,0,1
../TrackNet/event_data/Clip135|0036.npz,1,0
../TrackNet/event_data/Clip135|0048.npz,0,1
../TrackNet/event_data/Clip135|0071.npz,1,0
../TrackNet/event_data/Clip135|0077.npz,0,1
../TrackNet/event_data/Clip135|0106.npz,1,0
../TrackNet/event_data/Clip135|0117.npz,0,1
../TrackNet/event_data/Clip135|0145.npz,1,0
../TrackNet/event_data/Clip135|0152.npz,0,1
../TrackNet/event_data/Clip135|0184.npz,1,0
../TrackNet/event_data/Clip135|0195.npz,0,1
../TrackNet/event_data/Clip136|0007.npz,0,1
../TrackNet/event_data/Clip136|0021.npz,1,0
../TrackNet/event_data/Clip136|0029.npz,0,1
../TrackNet/event_data/Clip136|0064.npz,1,0
../TrackNet/event_data/Clip136|0085.npz,0,1
../TrackNet/event_data/Clip136|0113.npz,1,0
../TrackNet/event_data/Clip136|0118.npz,0,1
../TrackNet/event_data/Clip137|0007.npz,0,1
../TrackNet/event_data/Clip137|0020.npz,1,0
../TrackNet/event_data/Clip137|0030.npz,0,1
../TrackNet/event_data/Clip137|0055.npz,1,0
../TrackNet/event_data/Clip137|0066.npz,0,1
../TrackNet/event_data/Clip137|0092.npz,1,0
../TrackNet/event_data/Clip137|0099.npz,0,1
../TrackNet/event_data/Clip137|0132.npz,1,0
../TrackNet/event_data/Clip137|0142.npz,0,1
../TrackNet/event_data/Clip137|0162.npz,0,1
../TrackNet/event_data/Clip138|0004.npz,0,1
../TrackNet/event_data/Clip138|0018.npz,1,0
../TrackNet/event_data/Clip138|0034.npz,0,1
../TrackNet/event_data/Clip138|0060.npz,1,0
../TrackNet/event_data/Clip138|0070.npz,0,1
../TrackNet/event_data/Clip138|0096.npz,1,0
../TrackNet/event_data/Clip138|0110.npz,0,1
../TrackNet/event_data/Clip138|0134.npz,1,0
../TrackNet/event_data/Clip139|0021.npz,0,1
../TrackNet/event_data/Clip139|0036.npz,1,0
../TrackNet/event_data/Clip139|0048.npz,0,1
../TrackNet/event_data/Clip139|0071.npz,1,0
../TrackNet/event_data/Clip139|0082.npz,0,1
../TrackNet/event_data/Clip139|0113.npz,1,0
../TrackNet/event_data/Clip139|0130.npz,0,1
../TrackNet/event_data/Clip139|0172.npz,1,0
../TrackNet/event_data/Clip139|0183.npz,0,1
../TrackNet/event_data/Clip139|0216.npz,0,1
../TrackNet/event_data/Clip139|0243.npz,1,0
../TrackNet/event_data/Clip140|0027.npz,0,1
../TrackNet/event_data/Clip140|0043.npz,1,0
../TrackNet/event_data/Clip140|0051.npz,0,1
../TrackNet/event_data/Clip140|0078.npz,1,0
../TrackNet/event_data/Clip140|0091.npz,0,1
../TrackNet/event_data/Clip140|0143.npz,1,0
../TrackNet/event_data/Clip140|0154.npz,0,1
../TrackNet/event_data/Clip141|0019.npz,0,1
../TrackNet/event_data/Clip141|0035.npz,1,0
../TrackNet/event_data/Clip141|0047.npz,0,1
../TrackNet/event_data/Clip141|0077.npz,1,0
../TrackNet/event_data/Clip141|0084.npz,0,1
../TrackNet/event_data/Clip141|0132.npz,1,0
../TrackNet/event_data/Clip142|0007.npz,0,1
../TrackNet/event_data/Clip142|0020.npz,1,0
../TrackNet/event_data/Clip142|0030.npz,0,1
../TrackNet/event_data/Clip142|0069.npz,1,0
../TrackNet/event_data/Clip142|0087.npz,0,1
../TrackNet/event_data/Clip143|0015.npz,0,1
../TrackNet/event_data/Clip143|0029.npz,1,0
../TrackNet/event_data/Clip143|0041.npz,0,1
../TrackNet/event_data/Clip143|0069.npz,1,0
../TrackNet/event_data/Clip143|0081.npz,0,1
../TrackNet/event_data/Clip143|0103.npz,1,0
../TrackNet/event_data/Clip143|0119.npz,0,1
../TrackNet/event_data/Clip143|0143.npz,1,0
../TrackNet/event_data/Clip143|0155.npz,0,1
../TrackNet/event_data/Clip143|0188.npz,1,0
../TrackNet/event_data/Clip143|0200.npz,0,1
../TrackNet/event_data/Clip143|0225.npz,1,0
../TrackNet/event_data/Clip143|0233.npz,0,1
../TrackNet/event_data/Clip143|0270.npz,1,0
../TrackNet/event_data/Clip143|0277.npz,0,1
../TrackNet/event_data/Clip143|0298.npz,0,1
../TrackNet/event_data/Clip143|0309.npz,0,1
../TrackNet/event_data/Clip144|0017.npz,0,1
../TrackNet/event_data/Clip144|0033.npz,1,0
../TrackNet/event_data/Clip144|0044.npz,0,1
../TrackNet/event_data/Clip144|0071.npz,1,0
../TrackNet/event_data/Clip144|0083.npz,0,1
../TrackNet/event_data/Clip144|0114.npz,1,0
../TrackNet/event_data/Clip144|0128.npz,0,1
../TrackNet/event_data/Clip145|0026.npz,1,0
../TrackNet/event_data/Clip145|0043.npz,1,0
../TrackNet/event_data/Clip145|0053.npz,0,1
../TrackNet/event_data/Clip145|0079.npz,1,0
../TrackNet/event_data/Clip145|0094.npz,0,1
../TrackNet/event_data/Clip145|0124.npz,1,0
../TrackNet/event_data/Clip145|0131.npz,0,1
../TrackNet/event_data/Clip145|0154.npz,1,0
../TrackNet/event_data/Clip145|0162.npz,0,1
../TrackNet/event_data/Clip146|0006.npz,0,1
../TrackNet/event_data/Clip146|0018.npz,1,0
../TrackNet/event_data/Clip146|0027.npz,0,1
../TrackNet/event_data/Clip146|0058.npz,1,0
../TrackNet/event_data/Clip146|0070.npz,0,1
../TrackNet/event_data/Clip146|0112.npz,1,0
../TrackNet/event_data/Clip146|0124.npz,0,1
../TrackNet/event_data/Clip146|0166.npz,1,0
../TrackNet/event_data/Clip146|0178.npz,0,1
../TrackNet/event_data/Clip147|0018.npz,0,1
../TrackNet/event_data/Clip147|0033.npz,1,0
../TrackNet/event_data/Clip147|0045.npz,0,1
../TrackNet/event_data/Clip147|0070.npz,1,0
../TrackNet/event_data/Clip147|0083.npz,0,1
../TrackNet/event_data/Clip147|0109.npz,1,0
../TrackNet/event_data/Clip148|0014.npz,0,1
../TrackNet/event_data/Clip148|0031.npz,1,0
../TrackNet/event_data/Clip148|0044.npz,0,1
../TrackNet/event_data/Clip148|0070.npz,1,0
../TrackNet/event_data/Clip148|0077.npz,0,1
../TrackNet/event_data/Clip148|0112.npz,1,0
../TrackNet/event_data/Clip148|0133.npz,0,1
../TrackNet/event_data/Clip148|0162.npz,1,0
../TrackNet/event_data/Clip148|0168.npz,0,1
../TrackNet/event_data/Clip148|0192.npz,1,0
../TrackNet/event_data/Clip149|0012.npz,0,1
../TrackNet/event_data/Clip149|0020.npz,1,0
../TrackNet/event_data/Clip149|0037.npz,0,1
../TrackNet/event_data/Clip149|0062.npz,1,0
../TrackNet/event_data/Clip149|0073.npz,0,1
../TrackNet/event_data/Clip149|0098.npz,1,0
../TrackNet/event_data/Clip149|0106.npz,0,1
../TrackNet/event_data/Clip149|0131.npz,0,1
../TrackNet/event_data/Clip150|0018.npz,0,1
../TrackNet/event_data/Clip150|0034.npz,1,0
../TrackNet/event_data/Clip150|0043.npz,0,1
../TrackNet/event_data/Clip150|0070.npz,1,0
../TrackNet/event_data/Clip150|0079.npz,0,1
../TrackNet/event_data/Clip150|0104.npz,1,0
../TrackNet/event_data/Clip150|0117.npz,0,1
../TrackNet/event_data/Clip150|0164.npz,1,0
../TrackNet/event_data/Clip150|0173.npz,0,1
../TrackNet/event_data/Clip150|0188.npz,1,0
../TrackNet/event_data/Clip150|0197.npz,0,1
../TrackNet/event_data/Clip151|0025.npz,0,1
../TrackNet/event_data/Clip151|0034.npz,1,0
../TrackNet/event_data/Clip151|0049.npz,0,1
../TrackNet/event_data/Clip151|0070.npz,1,0
../TrackNet/event_data/Clip151|0080.npz,0,1
../TrackNet/event_data/Clip151|0109.npz,1,0
../TrackNet/event_data/Clip151|0123.npz,0,1
../TrackNet/event_data/Clip151|0157.npz,1,0
../TrackNet/event_data/Clip152|0017.npz,0,1
../TrackNet/event_data/Clip152|0034.npz,1,0
../TrackNet/event_data/Clip152|0044.npz,0,1
../TrackNet/event_data/Clip152|0069.npz,1,0
../TrackNet/event_data/Clip152|0080.npz,0,1
../TrackNet/event_data/Clip152|0112.npz,1,0
../TrackNet/event_data/Clip152|0125.npz,0,1
../TrackNet/event_data/Clip152|0159.npz,1,0
../TrackNet/event_data/Clip152|0169.npz,0,1
../TrackNet/event_data/Clip152|0182.npz,1,0
../TrackNet/event_data/Clip152|0189.npz,0,1
../TrackNet/event_data/Clip152|0206.npz,1,0
../TrackNet/event_data/Clip153|0014.npz,0,1
../TrackNet/event_data/Clip153|0031.npz,1,0
../TrackNet/event_data/Clip153|0041.npz,0,1
../TrackNet/event_data/Clip153|0067.npz,1,0
../TrackNet/event_data/Clip153|0075.npz,0,1
../TrackNet/event_data/Clip153|0126.npz,1,0
../TrackNet/event_data/Clip153|0136.npz,0,1
../TrackNet/event_data/Clip154|0012.npz,0,1
../TrackNet/event_data/Clip154|0024.npz,1,0
../TrackNet/event_data/Clip154|0035.npz,0,1
../TrackNet/event_data/Clip154|0056.npz,1,0
../TrackNet/event_data/Clip154|0069.npz,0,1
../TrackNet/event_data/Clip154|0090.npz,1,0
../TrackNet/event_data/Clip154|0102.npz,0,1
../TrackNet/event_data/Clip154|0130.npz,1,0
../TrackNet/event_data/Clip154|0143.npz,0,1
../TrackNet/event_data/Clip154|0181.npz,1,0
../TrackNet/event_data/Clip154|0188.npz,0,1
../TrackNet/event_data/Clip154|0217.npz,1,0
../TrackNet/event_data/Clip155|0008.npz,0,1
../TrackNet/event_data/Clip155|0019.npz,1,0
../TrackNet/event_data/Clip155|0029.npz,0,1
../TrackNet/event_data/Clip155|0055.npz,1,0
../TrackNet/event_data/Clip155|0070.npz,0,1
../TrackNet/event_data/Clip155|0105.npz,1,0
../TrackNet/event_data/Clip155|0115.npz,0,1
../TrackNet/event_data/Clip155|0130.npz,1,0
../TrackNet/event_data/Clip156|0017.npz,0,1
../TrackNet/event_data/Clip156|0030.npz,1,0
../TrackNet/event_data/Clip156|0042.npz,0,1
../TrackNet/event_data/Clip156|0069.npz,1,0
../TrackNet/event_data/Clip156|0079.npz,0,1
../TrackNet/event_data/Clip156|0109.npz,1,0
../TrackNet/event_data/Clip156|0126.npz,0,1
../TrackNet/event_data/Clip156|0166.npz,1,0
../TrackNet/event_data/Clip156|0173.npz,0,1
../TrackNet/event_data/Clip156|0189.npz,0,1
../TrackNet/event_data/Clip157|0010.npz,0,1
../TrackNet/event_data/Clip157|0018.npz,1,0
../TrackNet/event_data/Clip157|0032.npz,0,1
../TrackNet/event_data/Clip157|0057.npz,1,0
../TrackNet/event_data/Clip157|0075.npz,0,1
../TrackNet/event_data/Clip157|0104.npz,1,0
../TrackNet/event_data/Clip157|0113.npz,0,1
../TrackNet/event_data/Clip158|0021.npz,0,1
../TrackNet/event_data/Clip158|0035.npz,1,0
../TrackNet/event_data/Clip158|0046.npz,0,1
../TrackNet/event_data/Clip158|0070.npz,1,0
../TrackNet/event_data/Clip158|0080.npz,0,1
../TrackNet/event_data/Clip158|0112.npz,1,0
../TrackNet/event_data/Clip158|0122.npz,0,1
../TrackNet/event_data/Clip158|0145.npz,1,0
../TrackNet/event_data/Clip158|0153.npz,0,1
../TrackNet/event_data/Clip158|0169.npz,1,0
../TrackNet/event_data/Clip159|0018.npz,0,1
../TrackNet/event_data/Clip159|0032.npz,1,0
../TrackNet/event_data/Clip159|0045.npz,0,1
../TrackNet/event_data/Clip159|0074.npz,1,0
../TrackNet/event_data/Clip159|0086.npz,0,1
../TrackNet/event_data/Clip159|0110.npz,1,0
../TrackNet/event_data/Clip159|0119.npz,0,1
../TrackNet/event_data/Clip159|0149.npz,1,0
../TrackNet/event_data/Clip159|0157.npz,0,1
../TrackNet/event_data/Clip159|0195.npz,0,1
../TrackNet/event_data/Clip159|0206.npz,1,0
../TrackNet/event_data/Clip159|0218.npz,0,1
../TrackNet/event_data/Clip160|0005.npz,0,1
../TrackNet/event_data/Clip160|0021.npz,1,0
../TrackNet/event_data/Clip160|0030.npz,0,1
../TrackNet/event_data/Clip160|0050.npz,1,0
../TrackNet/event_data/Clip160|0065.npz,0,1
../TrackNet/event_data/Clip160|0091.npz,1,0
../TrackNet/event_data/Clip160|0098.npz,0,1
../TrackNet/event_data/Clip160|0128.npz,1,0
../TrackNet/event_data/Clip160|0140.npz,0,1
../TrackNet/event_data/Clip160|0182.npz,1,0
../TrackNet/event_data/Clip161|0008.npz,0,1
../TrackNet/event_data/Clip161|0019.npz,1,0
../TrackNet/event_data/Clip161|0031.npz,0,1
../TrackNet/event_data/Clip161|0051.npz,1,0
../TrackNet/event_data/Clip161|0059.npz,0,1
../TrackNet/event_data/Clip161|0089.npz,1,0
../TrackNet/event_data/Clip161|0104.npz,0,1
../TrackNet/event_data/Clip161|0132.npz,1,0
../TrackNet/event_data/Clip161|0138.npz,0,1
../TrackNet/event_data/Clip161|0160.npz,0,1
../TrackNet/event_data/Clip162|0023.npz,0,1
../TrackNet/event_data/Clip162|0039.npz,1,0
../TrackNet/event_data/Clip162|0049.npz,0,1
../TrackNet/event_data/Clip162|0076.npz,1,0
../TrackNet/event_data/Clip162|0085.npz,0,1
../TrackNet/event_data/Clip162|0119.npz,1,0
../TrackNet/event_data/Clip162|0134.npz,0,1
../TrackNet/event_data/Clip162|0167.npz,1,0
../TrackNet/event_data/Clip163|0015.npz,0,1
../TrackNet/event_data/Clip163|0028.npz,1,0
../TrackNet/event_data/Clip163|0040.npz,0,1
../TrackNet/event_data/Clip163|0064.npz,1,0
../TrackNet/event_data/Clip163|0074.npz,0,1
../TrackNet/event_data/Clip163|0093.npz,1,0
../TrackNet/event_data/Clip163|0105.npz,0,1
../TrackNet/event_data/Clip163|0136.npz,1,0
../TrackNet/event_data/Clip163|0150.npz,0,1
../TrackNet/event_data/Clip163|0176.npz,1,0
../TrackNet/event_data/Clip163|0193.npz,0,1
../TrackNet/event_data/Clip164|0007.npz,0,1
../TrackNet/event_data/Clip164|0021.npz,1,0
../TrackNet/event_data/Clip164|0033.npz,0,1
../TrackNet/event_data/Clip164|0056.npz,1,0
../TrackNet/event_data/Clip164|0070.npz,0,1
../TrackNet/event_data/Clip164|0091.npz,1,0
../TrackNet/event_data/Clip164|0107.npz,0,1
../TrackNet/event_data/Clip164|0122.npz,1,0
../TrackNet/event_data/Clip164|0131.npz,0,1
../TrackNet/event_data/Clip164|0153.npz,1,0
../TrackNet/event_data/Clip164|0160.npz,0,1
